site_code,trt,year_trt,avg_richness,avg_richness2,avg_invsimpsons2,avg_shannons,avg_evenness_Sh,beta_invsimpsons,gamma_richness,log_spp_stab_cover,log_spp_asynch_cover,log_spatial_asynch_prod,log_alpha_stab_prod,log_gamma_stab_prod,temp_mean,temp_sd,TEMP_VAR_v2,MAP_VAR_v2,res_log_spatial_asynch_prod,res_log_alpha_stab_prod,res_log_gamma_stab_prod,resGamma_prod
bogong.au,Control,4,18.08333333,4.176588732,1.757324206,5.788745499,0.603910094,1.062250384,22.75,0.921568539,0.963202364,0.447387279,1.173093732,1.620481011,279.25,42.40797926,489.9922677,26.48821526,0.189140274,0.451261489,0.636026895,0.501860371
bogong.au,Fertilized,4,18.08333333,4.176588732,2.097562959,7.007855067,0.661311783,1.431124918,25.25,0.993546643,0.951992508,0.045194057,1.259967156,1.305161213,290,41.44394418,489.9922677,26.48821526,-0.156620944,0.528217609,0.363971837,0.196917936
burrawan.au,Control,4,9.333333333,3.222392421,1.244501905,3.394065637,0.531492086,1.036531275,14.75,0.574158766,0.829813796,0.56010102,0.746272784,1.306373804,248.75,61.09779727,497.4823015,41.48761273,0.352534402,0.020993778,0.330322539,0.340710177
burrawan.au,Fertilized,4,9.166666667,3.196397213,1.483781838,3.970685201,0.570520166,1.179443385,14.25,0.368377938,0.663354754,0.397961744,0.286751263,0.684713007,257.75,91.85924233,497.4823015,41.48761273,0.294707266,-0.403470952,-0.206364464,-0.269371248
cbgb.us,Fertilized,4,7.75,2.95419631,1.38220926,3.699136825,0.632559854,2.347548217,16.5,0.390462772,1.388612667,0.253889818,0.950195968,1.204085786,418,70.5559487,1122.075674,46.25499319,0.101596895,0.235949441,0.308334363,0.30336514
cbgb.us,Control,4,8.333333333,3.058893689,1.624233174,4.219874412,0.661674976,1.175793837,19,0.640114681,0.986505848,0.635485168,0.800720701,1.43620587,350,68.80749141,1122.075674,46.25499319,0.287821506,-0.038470483,0.239067478,0.522529377
cdcr.us,Fertilized,4,5.916666667,2.564784619,1.65104634,3.791818415,0.719427335,1.15736182,13,0.513135459,0.825068282,0.053308554,0.480721911,0.534030466,325.125,85.28563056,1215.737934,53.0748237,-0.110812429,-0.255082751,-0.363305474,-0.283220482
cdcr.us,Control,4,10.58333333,3.403722186,2.158650894,5.907079532,0.750842659,1.287000635,17.75,0.550909888,0.791907963,0.16801015,0.531500403,0.699510552,293.875,76.7333677,1215.737934,53.0748237,-0.230078084,-0.361886285,-0.588057539,-0.258052768
cdpt.us,Fertilized,4,9.916666667,3.309855263,1.827566186,4.751614514,0.671212985,1.300274748,18.25,0.309778173,2.108153334,0.227571285,0.281193979,0.508765263,265.905,23.69366222,1006.799906,63.28145436,0.091429623,-0.351654705,-0.309618257,-0.446859197
cdpt.us,Control,4,11.33333333,3.502500341,2.05763291,5.582721778,0.700937479,1.304947253,20.25,0.889732539,1.444760576,0.135901927,0.490930631,0.626832558,256.185,24.8139681,1006.799906,63.28145436,-0.146216756,-0.3019392,-0.468899124,-0.356942228
chilcas.ar,Fertilized,4,5.333333333,2.415037499,0.523765382,1.912883161,0.24931862,0.937017024,11.5,1.382568779,0.733904816,1.082453467,0.898645112,1.981098579,332.875,40.09667646,497.6117157,25.5935827,0.872425036,0.166526891,1.038234056,1.104918016
chilcas.ar,Control,4,10.66666667,3.415037499,1.858950172,5.057751729,0.538567627,0.902176154,23,0.663652572,1.540635801,0.380352096,0.806268358,1.186620454,346.875,38.27037549,497.6117157,25.5935827,0.118855118,0.085860387,0.203333179,0.188711911
comp.pt,Control,4,21.41666667,4.420662048,2.898928295,11.07177782,0.769633859,1.340403511,32.75,0.325248293,1.378861344,0.193532311,0.422480682,0.616012993,456,82.96204154,515.6740189,63.04059138,0.003739283,-0.306872941,-0.346844063,-0.515120884
comp.pt,Fertilized,4,15.66666667,3.969626351,2.649562778,8.611666329,0.775034274,1.389678319,25,-0.03115599,1.132928904,0.041605093,0.344697927,0.38630302,418.25,138.9767184,515.6740189,63.04059138,-0.050987927,-0.284147094,-0.431701559,-0.665365379
cowi.ca,Fertilized,4,3.833333333,1.938599455,0.248100464,1.420392184,0.255973011,0.998704267,5.5,1.672964185,0.670989923,0.000596585,0.594560497,0.595157082,302,28.97614512,487.9430797,64.8927335,-0.098303101,-0.036421393,-0.221189642,-0.196910789
cowi.ca,Control,4,4.75,2.247927513,0.362160307,1.659711845,0.319325774,0.997223099,7.75,1.118361355,0.249332169,0.021330045,0.662317112,0.683647157,201.75,51.38445955,487.9430797,64.8927335,-0.172547726,-0.071558906,-0.283701553,-0.15079671
elliot.us,Fertilized,4,7.583333333,2.922832139,1.625174017,3.877215594,0.702287265,1.243007998,13.5,0.107098511,0.338180467,0.039896262,0.636073977,0.67597024,435.25,278.8409649,389.3066499,91.63145081,-0.278967236,0.044339657,-0.072647184,-0.206686751
elliot.us,Control,4,10.66666667,3.415037499,1.914380564,5.041290662,0.661736084,1.097703717,17,0.148970682,0.486728413,0.422299789,1.058537384,1.480837173,477.25,252.7349643,389.3066499,91.63145081,0.135388388,0.295893053,0.495589944,0.505195635
frue.ch,Fertilized,4,11.83333333,3.564784619,2.695212214,7.924549823,0.835967106,1.140623935,14.5,0.423854911,1.605929481,0.060168831,1.499635191,1.559804021,514.75,67.6195373,625.5573169,22.73913361,-0.180422904,0.784644825,0.623115212,0.58960186
frue.ch,Control,4,13.91666667,3.798741792,2.873420352,9.185791634,0.84692771,1.128022785,17.75,0.526861033,1.300683855,0.029095675,1.327996851,1.357092525,505.5,81.28838582,625.5573169,22.73913361,-0.242768627,0.618702239,0.383471903,0.348158684
hall.us,Control,4,6.25,2.64385619,1.353025116,3.286783935,0.702190964,1.139692484,9.75,0.238632853,1.263432882,0.111109593,0.654448352,0.765557945,263.5,58.67346807,871.4106986,15.0867811,-0.245299543,-0.080983349,-0.272531144,-0.068569102
hall.us,Fertilized,4,6,2.584962501,1.120635174,2.893984815,0.522902488,1.156278585,9.5,0.26344424,2.089326451,0.737397775,0.699463999,1.436861773,316.5,30.10082411,871.4106986,15.0867811,0.387837192,-0.034861107,0.476584051,0.580570736
hart.us,Fertilized,4,9.166666667,3.196397213,1.807398666,4.740504404,0.693214498,1.013255393,13.75,0.398945189,0.827947878,0.167880448,-0.075383702,0.092496746,158,46.32593549,747.4471651,25.01022566,-0.057693933,-0.776309934,-0.831449738,-0.839406219
hart.us,Control,4,8.833333333,3.142957954,2.161252681,5.767939865,0.781390162,1.114703558,14.25,0.324338706,1.001496517,0.017756115,-0.037073296,-0.019317181,100.875,26.7904881,747.4471651,25.01022566,-0.256511414,-0.753260419,-1.008638144,-0.925979819
hero.uk,Control,4,16,4,2.108627467,6.624545349,0.678969908,1.079356521,21,0.490758152,1.311641856,0.139972446,0.825929466,0.965901912,456.25,75.23683189,469.0680283,16.96544607,-0.168775874,0.103530009,-0.027763214,-0.108419098
hero.uk,Fertilized,4,15.41666667,3.94641896,2.097606454,6.589797805,0.679134579,1.16023009,22,0.263911019,1.660897892,0.365603151,0.81495105,1.180554201,432.25,63.06684614,469.0680283,16.96544607,0.0622539,0.05230876,0.204732176,0.115587126
hopl.us,Fertilized,4,12.66666667,3.662965013,2.417997758,6.914477344,0.720263053,1.539062105,23.75,-0.169176463,1.396047043,0.045036058,0.482423894,0.527459952,468,137.2216793,538.8322225,91.42926786,-0.269264819,-0.066262021,-0.194716394,-0.4807451
hopl.us,Control,4,19.5,4.285402219,2.914224578,10.59913926,0.772172336,1.555960543,34.75,-0.136074583,1.22211083,0.136574216,0.805441243,0.942015459,499.25,168.5227449,538.8322225,91.42926786,-0.130292076,0.070108359,-0.004465487,-0.165121604
jena.de,Control,4,18,4.169925001,2.090562675,6.346470912,0.639490084,1.317934554,25.5,0.467545337,1.354720657,0.059630297,0.773901164,0.833531461,494.75,79.98079874,667.8542884,20.43567062,-0.22672905,0.064922542,-0.143944021,-0.27749723
jena.de,Fertilized,4,16.25,4.022367813,1.871494473,5.618205832,0.603014216,1.083532391,22.5,0.443376476,1.075080337,0.280697925,1.849335615,2.13003354,499,109.3057808,667.8542884,20.43567062,0.013436869,1.132774433,1.188729321,1.03808844
kbs.us,Fertilized,4,8.333333333,3.058893689,1.355076335,3.500003419,0.520852635,1.532334452,13.75,0.233892297,2.090768806,0.122053807,0.67648915,0.798542957,322.75,31.57030385,1000.698539,24.54262668,-0.139772736,-0.056998789,-0.145184099,-0.140592097
kbs.us,Control,4,12.5,3.64385619,1.912320241,5.56272912,0.651715549,1.455652894,19.75,0.541531108,1.587191023,0.075309718,0.518698183,0.594007901,327.5,38.96897917,1000.698539,24.54262668,-0.278943477,-0.260007015,-0.51512903,-0.423264194
kilp.fi,Control,4,21.41666667,4.420662048,2.91780137,12.00684464,0.809672843,1.175713346,32,0.814409852,1.188695553,0.62395205,1.240308826,1.864260876,210.25,28.3660184,857.6129717,32.99313095,0.35639142,0.502686491,0.840633754,0.740365445
kilp.fi,Fertilized,4,20.5,4.357552005,2.781266036,10.5997405,0.765770387,1.244123994,30.5,0.35607945,0.983894232,0.185857982,1.212976306,1.398834288,247.75,64.87397174,857.6129717,32.99313095,0.014812812,0.5274624,0.497836852,0.277984353
kiny.au,Fertilized,4,9.5,3.247927513,1.491867351,3.971726431,0.558472912,1.054049629,15.25,-0.079454505,1.099760049,0.009987467,0.127619658,0.137607125,194,69.93404715,517.3570778,21.82745628,-0.23766797,-0.609546742,-0.814484385,-0.827622387
kiny.au,Control,4,9.5,3.247927513,1.378178057,3.899242657,0.532022572,1.393978423,16.75,-0.145471244,1.031284418,0.018583081,-0.120040612,-0.10145753,166.625,68.71260114,517.3570778,21.82745628,-0.259303211,-0.836598829,-1.0828649,-1.071468866
koffler.ca,Fertilized,4,6.916666667,2.790076931,1.518957292,3.85139797,0.707804114,1.186579365,10.5,0.321146358,0.883809942,0.123536199,0.95080167,1.074337869,492.75,147.6796862,1032.429739,20.41847127,-0.186664686,0.197930305,0.112086718,0.215780283
koffler.ca,Control,4,8.083333333,3.014950341,1.86500264,4.782313989,0.740312234,1.240188492,12.5,0.301958281,0.620202169,0.826755839,1.48047742,2.307233259,376.5,149.7186098,1032.429739,20.41847127,0.4375307,0.690441842,1.173152474,1.415420215
konz.us,Fertilized,4,13.66666667,3.772589504,2.198825797,6.438540389,0.706481951,1.31098126,21.5,0.593356289,1.016511601,0.066524935,1.10261466,1.169139595,614.5,122.8471672,1031.291123,51.04337179,-0.06003041,0.430856268,0.306905785,0.13936629
konz.us,Control,4,15.25,3.930737338,2.126796631,6.770093607,0.702890348,1.142575236,22.5,0.707248695,1.239142196,0.226985468,1.278075754,1.505061222,570.75,81.49652607,1031.291123,51.04337179,-0.067216225,0.479161272,0.385831358,0.447117747
marc.ar,Control,4,11.41666667,3.513069582,1.649993768,4.713108927,0.593558266,1.346267545,20.5,-0.122188069,1.448763586,0.945706465,0.725439471,1.671145936,315.75,83.79515959,464.925876,19.90021469,0.652651617,0.00140195,0.677766885,0.666119345
marc.ar,Fertilized,4,12.58333333,3.653442239,2.26976099,6.729937369,0.738065577,1.396724823,21.25,-0.099611047,1.639913542,0.098032947,1.346223781,1.444256727,363,77.79680312,464.925876,19.90021469,-0.170917801,0.590128552,0.477257576,0.440927256
mtca.au,Fertilized,4,10.16666667,3.345774837,2.099837575,5.690718264,0.738599911,1.370997081,16,0.164349429,1.462223026,0.097452236,1.080278001,1.177730237,232.5,45.71003097,534.3282043,50.66807846,0.017471718,0.423079724,0.322075094,0.228037601
mtca.au,Control,4,14.08333333,3.815916936,2.207095036,6.995151368,0.7110954,1.538921051,23.75,0.257133227,0.853150654,0.229704908,0.479263997,0.708968905,170.5,56.17385392,534.3282043,50.66807846,0.03974943,-0.244104233,-0.25672294,-0.327510191
ping.au,Fertilized,4,6.75,2.754887502,1.106316464,2.880416261,0.508843736,1.333220798,10,0.071588447,2.553308035,0.064961196,0.379834137,0.444795333,272.75,19.75998914,506.6263425,64.02326097,-0.030803004,-0.248624306,-0.37138277,-0.443607639
ping.au,Control,4,7,2.807354922,1.612240656,3.862701036,0.638007828,1.362928436,10.5,0.120455248,1.686127792,0.106109826,0.64793876,0.754048586,248.75,40.84830537,506.6263425,64.02326097,-0.085204456,-0.082917303,-0.209950139,-0.120133833
pinj.au,Fertilized,4,2.833333333,1.502500341,0.810182679,2.020514943,0.571305347,1.004243832,4.75,0.838576999,1.797076238,0.452232974,0.87353458,1.325767553,336.75,24.13559154,401.5472125,44.49884783,0.357976097,0.161880353,0.426255368,0.66659693
pinj.au,Control,4,3.833333333,1.938599455,1.081070533,2.527311446,0.721046301,1.554255089,7.25,0.171419233,1.651464374,0.178304832,0.529712047,0.708016879,350.5,56.62650142,401.5472125,44.49884783,-0.036775696,-0.215432801,-0.294083542,2.73E-05
rook.uk,Control,4,9.666666667,3.273018494,1.789638101,4.576434059,0.670411982,1.23555121,12.75,0.601689321,0.714917749,0.053538863,0.611418018,0.66495688,311.75,83.56247164,470.8669807,16.82814576,-0.255779224,-0.110622801,-0.328322413,-0.28440206
rook.uk,Fertilized,4,8.25,3.044394119,1.453467455,3.642834126,0.612943684,1.248719963,12.75,0.588637684,1.12515496,0.451758067,0.80698509,1.258743157,322.75,58.15346042,470.8669807,16.82814576,0.146747755,0.044494185,0.282793078,0.338779992
saana.fi,Control,4,21.33333333,4.415037499,3.431735214,13.80215501,0.855920317,1.190985567,35.25,0.72915011,0.753410676,0.162963342,1.045935818,1.20889916,337.75,76.68799603,908.2325491,35.55199704,-0.112206759,0.294538303,0.161735244,0.094343359
saana.fi,Fertilized,4,15.33333333,3.938599455,3.139784162,10.68964369,0.869444709,1.246035993,23.75,0.345988968,0.816065844,0.011935795,1.321389823,1.333325617,395,123.5728614,908.2325491,35.55199704,-0.149039386,0.63591089,0.436743146,0.304124502
sage.us,Control,4,12.16666667,3.604862058,2.441411745,7.317320662,0.785232658,1.701918316,24,0.400621461,1.022425737,0.741311354,0.914622429,1.655933782,202.5,48.79816395,688.3559399,73.81981124,0.531864315,0.188484878,0.700341376,0.669585326
sage.us,Fertilized,4,12.83333333,3.68182404,2.711109655,8.343550539,0.830917108,1.783641309,26.25,0.469862603,1.166146778,0.858118085,1.560285614,2.418403698,227.75,44.35560829,688.3559399,73.81981124,0.70722056,0.986086943,1.652113719,1.426921391
saline.us,Control,4,10.58333333,3.403722186,1.952350719,5.328642885,0.709060232,1.900836535,20.25,0.254517182,1.740070742,0.152554014,1.066717966,1.21927198,456,62.04778947,1034.828623,53.31504117,-0.141588951,0.265645353,0.098405073,0.254155025
saline.us,Fertilized,4,10,3.321928095,1.785810698,4.709578233,0.675014954,1.247674427,20.25,-0.046142173,1.43836508,0.081973406,0.863292182,0.945265588,536.5,133.3321863,1034.828623,53.31504117,-0.044026502,0.196519474,0.089833949,-0.011772446
sedg.us,Control,4,6.75,2.754887502,1.194312809,2.924851977,0.508033276,0.963963366,10.75,0.628331165,0.58738849,0.374471411,1.145772573,1.520243984,242.375,71.86335429,426.8089893,95.92791963,0.072677782,0.390852433,0.550456888,0.631694494
sedg.us,Fertilized,4,5.75,2.523561956,1.022048298,2.651251347,0.490940288,1.169934048,10,0.40658674,0.521718351,0.869813816,1.246128249,2.115942065,296.25,117.0848167,426.8089893,95.92791963,0.495019241,0.678785989,1.389424141,1.264557656
sereng.tz,Fertilized,4,11.41666667,3.513069582,2.460681203,7.178191099,0.801902463,1.15174769,18.75,0.204280059,1.421635043,0.009517281,0.255508103,0.265025383,209.7,41.25460883,76.18260787,56.55861143,-0.101039282,-0.593361922,-0.699419874,-0.70233571
sereng.tz,Control,4,12.33333333,3.624490865,2.600876496,7.878522876,0.820719674,1.174077042,20.75,0.509599642,1.092637739,0.019132627,0.588478455,0.607611082,197.675,39.82070038,76.18260787,56.55861143,-0.303128397,-0.296430427,-0.604380261,-0.375737657
sevi.us,Fertilized,4,5.583333333,2.48112669,1.415561176,3.368654056,0.567422136,1.263356675,10.25,-0.152780354,0.710487334,0.023298969,-0.161457759,-0.13815879,109.955,62.95147626,846.8259766,66.06919852,-0.100046722,-0.758619463,-0.930710242,-0.968331852
sevi.us,Control,4,6.583333333,2.718818247,1.645131248,4.040678721,0.661029117,1.076056544,12,0.069525745,0.701235284,0.00942463,-0.025639774,-0.016215144,85.995,39.78651856,846.8259766,66.06919852,-0.217358566,-0.770937342,-1.020056575,-0.870828521
sgs.us,Fertilized,4,8.083333333,3.014950341,1.816825453,4.53274249,0.704023147,1.050819746,12.75,0.166766945,0.954552148,0.047253528,-0.028832434,0.018421094,290.75,94.74079586,879.6653724,58.78775076,-0.059099163,-0.648905322,-0.800012444,-0.879952472
sgs.us,Control,4,7.166666667,2.841302254,1.347937197,3.326154657,0.608779329,1.224907523,12.75,0.504121791,0.787276147,0.021260312,0.632225047,0.65348536,282.75,77.72408446,879.6653724,58.78775076,-0.210303387,-0.118602395,-0.368556977,-0.231888642
shps.us,Fertilized,4,12.91666667,3.691161905,2.057717894,6.089466365,0.704227201,1.160366891,21,0.338425266,0.51071929,0.326735467,0.619194151,0.945929619,194.375,83.14987706,970.1533487,41.10188875,0.185086933,-0.063386804,0.060482274,-0.070081293
shps.us,Control,4,15.75,3.977279923,2.490135443,8.502928098,0.766809089,1.091909957,28,0.735156751,0.647456708,0.374146569,0.608207484,0.982354053,130.75,32.8080412,970.1533487,41.10188875,0.090763728,-0.164430702,-0.098717803,-0.072133209
sier.us,Fertilized,4,8.75,3.129283017,1.885292342,4.778001599,0.707565253,1.33738388,16.75,0.276983596,1.255735099,0.283377193,0.546337264,0.829714457,402.25,86.86499141,665.1720015,86.5282909,0.022254834,0.003900164,0.103693663,-0.087914904
sier.us,Control,4,8.166666667,3.029747343,1.857457699,4.46838731,0.68780888,1.724891259,17.5,0.091235669,0.895077675,0.233146231,0.63409381,0.867240042,382.75,142.7462659,665.1720015,86.5282909,-0.014423596,-0.094980758,-0.07976545,-0.036639791
smith.us,Control,4,19.08333333,4.254241287,2.752962934,10.02772028,0.773833096,1.436124244,26.75,0.324571654,0.965163958,0.111739779,1.163500041,1.27523982,204.5875,56.33185289,474.7503427,38.69810191,-0.105086981,0.435455097,0.292901409,0.173825618
smith.us,Fertilized,4,17.66666667,4.142957954,2.627563613,8.99101812,0.755092947,1.303438331,25.75,0.116111779,0.946479234,0.06822627,0.997143835,1.065370104,266.625,92.13474852,474.7503427,38.69810191,-0.047831485,0.293444603,0.161389708,-0.020066526
spin.us,Fertilized,4,6.5,2.700439718,1.692166443,3.994914901,0.741051165,1.253404397,9.5,0.074852363,2.699084258,0.922799841,0.746622703,1.669422544,328,20.47238668,882.4458054,16.64644486,0.591483799,0.015015086,0.713413699,0.832474179
spin.us,Control,4,10.16666667,3.345774837,2.047485746,5.512830709,0.71673418,1.161820719,13.75,0.061164637,2.668376914,0.42184551,1.117790808,1.539636318,324.75,21.18967648,882.4458054,16.64644486,0.071190331,0.379119599,0.496992045,0.585990687
temple.us,Control,4,10.58333333,3.403722186,2.37012653,6.533388258,0.787431338,1.347033462,18,0.247214932,0.73406878,0.108780236,0.453536064,0.5623163,569,213.2780518,751.5573512,29.10733362,-0.148559307,-0.26438219,-0.426159522,-0.388632337
temple.us,Fertilized,4,9.166666667,3.196397213,1.996865434,5.152568055,0.750833164,1.361385451,16,0.33453931,0.730994166,0.06942193,0.296771828,0.366193758,568,195.7009919,751.5573512,29.10733362,-0.120144625,-0.393335988,-0.544377823,-0.555292618
trel.us,Fertilized,4,3.833333333,1.938599455,1.115607369,2.56156968,0.70037588,1.024692779,5.25,1.15476627,1.109384963,0.085308202,1.1357775,1.221085701,405.75,42.16480942,1026.588482,25.24320349,-0.174268437,0.39727602,0.275543217,0.509359186
trel.us,Control,4,4.75,2.247927513,1.50351848,3.304298044,0.785200267,1.059228583,7,0.91458749,0.899626483,0.050800781,0.899759248,0.950560029,410,66.81604098,1026.588482,25.24320349,-0.312009315,0.110647581,-0.176936402,0.200339265
ukul.za,Fertilized,4,13.08333333,3.709658248,2.16058389,6.342650349,0.714719724,1.835806059,26,-0.061686425,1.571426647,0.019080816,0.224275543,0.243356359,487.25,107.6663525,347.2977397,65.26595269,-0.085340903,-0.453330428,-0.601300922,-0.773976392
ukul.za,Control,4,15.83333333,3.984893108,2.116949526,6.753462221,0.680443023,1.74655042,30.25,0.49314628,1.585767595,0.182981148,1.176255582,1.35923673,541,67.66069289,347.2977397,65.26595269,-0.036163979,0.409788104,0.343841923,0.287810937
unc.us,Fertilized,4,7.416666667,2.89077093,1.438575156,3.451364497,0.572758835,1.215462154,13.5,0.115707249,1.885129587,0.030318478,0.445915995,0.476234472,346,46.7868387,795.6390325,11.1805143,-0.363517849,-0.29245193,-0.493212136,-0.424260024
unc.us,Control,4,11.41666667,3.513069582,1.722811696,4.817371109,0.627149873,1.682842421,20,0.232275503,2.026240034,0.153243322,1.079291655,1.232534977,299.275,31.27588477,795.6390325,11.1805143,-0.207633202,0.360580522,0.222959215,0.233581244
valm.ch,Control,4,26.58333333,4.732450113,3.186063237,14.61880306,0.820470466,2.183980141,50.75,0.783180488,1.95825673,1.029609449,1.310262877,2.339872325,333,21.47104477,639.1732359,25.91755635,0.77196582,0.600077966,1.367150453,1.163671629
valm.ch,Fertilized,4,24.08333333,4.589963182,3.196449121,13.26747142,0.809020433,1.534833479,42,0.464964542,1.578392021,0.520288839,1.043637004,1.563925843,348.25,45.13075984,639.1732359,25.91755635,0.310188325,0.338679704,0.638649258,0.410450708
yarra.au,Control,4,5.25,2.392317423,1.094826,2.723074869,0.596484923,1.042635354,8.25,0.702175092,1.037493154,0.042957711,0.362342065,0.405299776,281,49.33759781,465.034015,33.15991489,-0.191980433,-0.365723657,-0.581993055,-0.404164595
yarra.au,Fertilized,4,4.75,2.247927513,0.990085177,2.446387984,0.544452116,0.952598915,6.25,0.178235302,0.873894513,0.05181923,0.534103703,0.585922934,256.25,89.48076762,465.034015,33.15991489,-0.097159835,-0.186980276,-0.337835652,-0.207821476
bogong.au,Control,5,18.06666667,4.175258446,1.749010074,5.781136849,0.602154755,1.043612754,22.4,0.985431128,0.978167286,0.334205833,1.090609847,1.424815681,285.8,40.11273444,489.9922677,26.48821526,0.075958829,0.368777604,0.440361564,0.306109198
bogong.au,Fertilized,5,17.86666667,4.159198595,2.105686368,7.032813565,0.666421676,1.430814182,25.2,1.031218361,0.985382839,0.023059447,1.167982971,1.191042418,295.8,39.37308064,489.9922677,26.48821526,-0.178755554,0.436233423,0.249853041,0.086749161
burrawan.au,Control,5,9.066666667,3.180572246,1.274807861,3.409136841,0.543569534,1.029395582,14.4,0.535911044,0.592036451,0.238658701,0.601664912,0.840323613,279.4,90.44093199,497.4823015,41.48761273,0.031092083,-0.123614093,-0.135727652,-0.115879052
burrawan.au,Fertilized,5,9.2,3.201633861,1.571780364,4.078691237,0.584081922,1.198050257,14,0.278252988,0.495855661,0.40767404,0.408816123,0.816490163,310.6,143.2221988,497.4823015,41.48761273,0.304419563,-0.281406092,-0.074587307,-0.13605361
cbgb.us,Fertilized,5,7.266666667,2.861293729,1.344260522,3.498515511,0.607738518,2.400086808,15.8,0.396063237,1.314712603,0.325082737,0.957062995,1.282145733,419.8,75.86857499,1122.075674,46.25499319,0.172789814,0.242816469,0.386394309,0.393104655
cbgb.us,Control,5,8.4,3.070389328,1.623574113,4.185169681,0.643923993,1.164073644,19.4,0.593244391,1.123485651,0.613651101,0.897057302,1.510708403,352.4,63.30959211,1122.075674,46.25499319,0.265987439,0.057866118,0.313570011,0.59182233
cdcr.us,Control,5,10.2,3.350497247,2.140319862,5.729039039,0.745757127,1.250740023,17,0.453928375,0.808640811,0.327909567,0.487212158,0.815121725,307.1,86.8866366,1215.737934,53.0748237,-0.070178667,-0.406174529,-0.472446366,-0.134098787
cdcr.us,Fertilized,5,5.533333333,2.468148836,1.598617063,3.620808355,0.746755233,1.150784684,11.8,0.481960315,0.847056681,0.049494201,0.60678925,0.65628345,335.9,88.92528295,1215.737934,53.0748237,-0.114626783,-0.129015412,-0.241052489,-0.13921048
cdpt.us,Control,5,10.8,3.432959407,2.081955186,5.58131552,0.716365313,1.24911018,19.2,0.760109106,0.943302579,0.138723978,0.572150625,0.710874603,239.348,43.57601457,1006.799906,63.28145436,-0.143394705,-0.220719206,-0.384857079,-0.25800956
cdpt.us,Fertilized,5,9.133333333,3.191141487,1.807392494,4.562210994,0.693408231,1.251863869,16.6,0.32318686,1.449639916,0.205196451,0.272610833,0.477807284,250.324,42.51807599,1006.799906,63.28145436,0.069054789,-0.360237851,-0.340576236,-0.453146055
chilcas.ar,Control,5,9.6,3.263034406,1.692591006,4.457994977,0.482713898,0.902080531,20.6,0.595931727,1.497308402,0.288998789,0.769002482,1.058001271,336.6,41.49841162,497.6117157,25.5935827,0.02750181,0.048594512,0.074713996,0.076446769
chilcas.ar,Fertilized,5,5,2.321928095,0.4515214,1.77674536,0.230996943,0.946945332,10.6,1.318429115,0.628843039,1.005766979,0.983272303,1.989039282,320.5,45.72339638,497.6117157,25.5935827,0.795738549,0.251154082,1.046174759,1.125749321
comp.pt,Control,5,19.6,4.292781749,2.753834856,10.01311513,0.73530895,1.299932048,30.8,0.141227131,0.971230292,0.194821911,0.526823065,0.721644976,407.2,133.8670364,515.6740189,63.04059138,0.005028883,-0.202530558,-0.24121208,-0.393440618
comp.pt,Fertilized,5,14.46666667,3.854660637,2.461510472,7.630089858,0.736381368,1.37968862,23,-0.255780299,1.492377561,0.043572511,0.502668345,0.546240856,422.4,122.6525389,515.6740189,63.04059138,-0.049020509,-0.126176676,-0.271763723,-0.492409091
cowi.ca,Control,5,4.8,2.263034406,0.466770891,1.801351462,0.364846522,1.007818067,7.6,0.900860326,0.398212762,0.058755511,0.784417671,0.843173183,191,52.10184391,487.9430797,64.8927335,-0.13512226,0.050541654,-0.124175528,0.014329883
cowi.ca,Fertilized,5,3.6,1.847996907,0.238265943,1.392553412,0.250126619,1.000796379,5,1.688777209,0.515958035,0.007995531,0.535709218,0.543704748,299,32.97363589,487.9430797,64.8927335,-0.090904156,-0.095272672,-0.272641976,-0.233653421
elliot.us,Control,5,10.46666667,3.387730153,2.010758276,5.282395904,0.68988937,1.111306846,16.6,0.198362361,0.481943684,0.242706871,0.856177813,1.098884684,522.8,264.7783169,389.3066499,91.63145081,-0.044204529,0.093533481,0.113637455,0.133084857
elliot.us,Fertilized,5,7.066666667,2.821029859,1.605814831,3.770274734,0.723177424,1.350351735,12.8,0.016520216,0.565528034,0.039939026,0.787457191,0.827396217,441,246.4099533,389.3066499,91.63145081,-0.278924472,0.195722871,0.078778794,-0.033768529
frue.ch,Fertilized,5,11.2,3.485426827,2.55057836,7.257757165,0.805345983,1.185017906,14.2,0.209622989,1.643452492,0.03154641,1.218395922,1.249942332,495,77.59339294,625.5573169,22.73913361,-0.209045324,0.503405556,0.313253522,0.288014163
frue.ch,Control,5,13.53333333,3.758445322,2.806402727,8.867493915,0.840424283,1.13723189,17.8,0.372425966,1.239969849,0.036027345,1.024781356,1.060808701,504.8,100.6618114,625.5573169,22.73913361,-0.235836957,0.315486744,0.087188078,0.057711523
hall.us,Control,5,5.733333333,2.519374159,1.31292397,3.140740699,0.713012743,1.229128515,9,0.160794762,1.47291611,0.21157583,0.517278084,0.728853914,263,51.33861302,871.4106986,15.0867811,-0.144833306,-0.218153618,-0.309235176,-0.081654374
hall.us,Fertilized,5,5.4,2.432959407,0.975325672,2.57580027,0.46321669,1.13784211,8.6,0.306540764,2.128692878,0.559425037,0.610778991,1.170204028,313.8,27.48175138,871.4106986,15.0867811,0.209864455,-0.123546114,0.209926306,0.329574252
hart.us,Fertilized,5,8.533333333,3.093109404,1.725121443,4.46041858,0.690971215,1.008629546,12.8,0.359864205,0.873349741,0.141843785,-0.195899546,-0.054055761,151.7,44.1985039,747.4471651,25.01022566,-0.083730597,-0.896825777,-0.978002244,-0.968390148
hart.us,Control,5,8.4,3.070389328,2.089719649,5.469716404,0.774414787,1.062420664,13.4,0.215977977,0.90322917,0.021421776,-0.083463275,-0.062041499,96.2,31.41301226,747.4471651,25.01022566,-0.252845753,-0.799650399,-1.051362462,-0.957336799
hero.uk,Control,5,15.46666667,3.9510904,2.138915035,6.619032084,0.690899177,1.100203077,21,0.409967895,1.476656347,0.103473645,0.719808521,0.823282166,458,69.42485481,469.0680283,16.96544607,-0.205274675,-0.002590936,-0.17038296,-0.24037097
hero.uk,Fertilized,5,14.93333333,3.900464326,2.173596635,6.725602117,0.697677859,1.289056361,21.2,0.223933912,1.670042421,0.289399783,0.739914598,1.029314381,447.4,67.32130244,469.0680283,16.96544607,-0.013949468,-0.022727692,0.053492356,-0.024303329
hopl.us,Fertilized,5,12.06666667,3.592955291,2.335669897,6.549398082,0.712997803,1.521496334,22.6,-0.268164277,1.539705291,0.037371598,0.390888342,0.42825994,449.4,126.0113959,538.8322225,91.42926786,-0.276929278,-0.157797573,-0.293916405,-0.569075478
hopl.us,Control,5,18.13333333,4.180572246,2.859427056,10.04997519,0.778728738,1.549760189,32.2,-0.190287217,1.189010065,0.106995073,0.730158516,0.837153589,464.8,171.2088844,538.8322225,91.42926786,-0.15987122,-0.005174369,-0.109327357,-0.250555679
jena.de,Control,5,18.26666667,4.191141487,2.155725849,6.703427173,0.652989949,1.29221635,26,0.422714475,1.40255465,0.038205343,0.555867845,0.594073187,490.4,79.0398582,667.8542884,20.43567062,-0.248154005,-0.153110777,-0.383402294,-0.518207021
jena.de,Fertilized,5,16.53333333,4.047305715,2.028716226,6.027931823,0.624345171,1.117311717,23.2,0.444121978,0.968816143,0.091827938,1.397849367,1.489677305,539.6,131.3532164,667.8542884,20.43567062,-0.175433118,0.681288184,0.548373086,0.397248831
kilp.fi,Control,5,21.93333333,4.455053178,2.914322954,12.22330982,0.807892403,1.147308546,32.6,0.821341109,1.292650968,0.588415418,1.298159233,1.886574651,208.2,25.14117851,857.6129717,32.99313095,0.320854789,0.560536898,0.862947529,0.756372604
kilp.fi,Fertilized,5,19.93333333,4.317111079,2.628171545,9.689287684,0.737631533,1.298961641,30.8,0.289501202,1.17048098,0.169300265,1.267214269,1.436514534,256,59.45354566,857.6129717,32.99313095,-0.001744905,0.581700363,0.535517098,0.317615042
kiny.au,Fertilized,5,8.8,3.137503524,1.35478594,3.598754065,0.525740291,1.153379601,14,-0.160775528,1.203354738,0.013307891,0.042407596,0.055715486,192.6,67.90001732,517.3570778,21.82745628,-0.234347546,-0.694758804,-0.896376023,-0.896215625
kiny.au,Control,5,9,3.169925001,1.246522353,3.526415063,0.490022703,1.446908734,16,-0.14214821,1.149294479,0.02291946,-0.250702507,-0.227783047,169.7,61.98459605,517.3570778,21.82745628,-0.254966833,-0.967260724,-1.209190417,-1.191813342
koffler.ca,Control,5,8.4,3.070389328,1.868412876,4.821692581,0.736306892,1.200129991,13.2,0.273522809,0.560829806,0.844906953,1.523104439,2.368011393,345.7,150.0875412,1032.429739,20.41847127,0.455681814,0.733068862,1.233930608,1.465826758
koffler.ca,Fertilized,5,6.8,2.765534746,1.450668623,3.670341675,0.682403947,1.223307651,10.2,0.245108251,0.977018535,0.222734313,0.925321777,1.14805609,472.48,139.1939984,1032.429739,20.41847127,-0.087466572,0.172450412,0.185804939,0.289177363
konz.us,Fertilized,5,13.33333333,3.736965594,2.141394355,6.270866548,0.704070694,1.431478104,21.4,0.382305788,0.830881215,0.056732588,0.928528297,0.985260885,561.2,166.8158226,1031.291123,51.04337179,-0.069822758,0.256769905,0.123027074,-0.038749072
konz.us,Control,5,15.13333333,3.919657892,2.106908217,6.654562485,0.69892458,1.144965305,22.8,0.697596278,1.314608453,0.144598104,1.12816312,1.272761224,580.4,77.59576026,1031.291123,51.04337179,-0.14960359,0.329248639,0.153531359,0.216028841
marc.ar,Fertilized,5,12,3.584962501,2.230466179,6.456539294,0.734841025,1.404059714,20.2,-0.140056072,1.754639029,0.196167496,0.993818741,1.189986238,359,71.43153449,464.925876,19.90021469,-0.072783251,0.237723513,0.222987086,0.19799065
marc.ar,Control,5,11.53333333,3.527737632,1.607711533,4.584742328,0.587989346,1.341545881,20.6,-0.128600201,1.505846109,0.60200093,0.808244577,1.410245507,324.4,81.83715958,464.925876,19.90021469,0.308946082,0.084207056,0.416866456,0.401659607
mtca.au,Fertilized,5,9.8,3.292781749,2.05849221,5.495034746,0.739846938,1.40179354,15.4,0.145415146,1.556869642,0.122714788,0.764222976,0.886937764,234.6,42.7597461,534.3282043,50.66807846,0.042734269,0.107024699,0.03128262,-0.053307579
mtca.au,Control,5,14.13333333,3.821029859,2.154513684,6.825168157,0.704301263,1.471711738,23.6,0.166734564,1.027710014,0.175472253,0.584945863,0.760418117,176.6,53.48721803,534.3282043,50.66807846,-0.014483224,-0.138422367,-0.205273729,-0.278179007
ping.au,Fertilized,5,6.066666667,2.600904045,1.02603056,2.682352946,0.495134026,1.315637379,9.2,-0.182031896,2.87928103,0.112089334,0.502010085,0.614099419,275.2,18.54590429,506.6263425,64.02326097,0.016325135,-0.126448358,-0.202078684,-0.249985883
ping.au,Control,5,7.333333333,2.874469118,1.607554836,3.930042704,0.635229751,1.421866573,10.8,-0.003119236,1.520654719,0.161121462,0.752530281,0.913651743,233.4,51.17331665,506.6263425,64.02326097,-0.03019282,0.021674218,-0.050346982,0.027287887
rook.uk,Fertilized,5,7.933333333,2.987927168,1.419335536,3.555808329,0.615275364,1.211881022,12,0.520780402,1.291851453,0.384392986,0.819720697,1.204113683,323.4,52.78663809,470.8669807,16.82814576,0.079382675,0.057229793,0.228163605,0.294398422
rook.uk,Control,5,9.466666667,3.242856524,1.748860165,4.417898899,0.660531089,1.211985479,12.6,0.416689764,0.93586931,0.057436721,0.539961535,0.597398256,330,85.33063898,470.8669807,16.82814576,-0.251881366,-0.182079284,-0.395881037,-0.34849822
saana.fi,Fertilized,5,15.13333333,3.919657892,3.06377538,10.25570846,0.852616255,1.227219093,23.4,0.249933307,0.931468132,0.126915202,1.181852638,1.30876784,415.8,127.587568,908.2325491,35.55199704,-0.034059979,0.496373705,0.412185369,0.279820601
saana.fi,Control,5,22.93333333,4.519374159,3.501170756,14.86418881,0.859772077,1.195242709,37.2,0.720112507,0.901687821,0.552179294,0.647371795,1.199551088,338.8,66.92747932,908.2325491,35.55199704,0.277009192,-0.10402572,0.152387173,0.067534978
sage.us,Control,5,12.53333333,3.647698256,2.501850705,7.575877469,0.791313522,1.66789541,24.6,0.367598901,1.19610633,0.719470702,1.001720766,1.721191467,203.4,42.58360214,688.3559399,73.81981124,0.510023663,0.275583215,0.765599061,0.728487991
sage.us,Fertilized,5,12.53333333,3.647698256,2.650772612,8.051858705,0.82250317,1.799457141,25.8,0.39221959,1.247582796,0.222127753,1.164281626,1.386409379,220.8,42.83925812,688.3559399,73.81981124,0.071230228,0.590082955,0.6201194,0.399344522
saline.us,Fertilized,5,9.733333333,3.282933963,1.797294373,4.725214512,0.686169822,1.386172898,19.8,-0.113050517,1.373448439,0.06089307,0.771716575,0.832609646,500.8,141.9974212,1034.828623,53.31504117,-0.065106837,0.104943868,-0.022821993,-0.115626002
saline.us,Control,5,10.66666667,3.415037499,1.982210762,5.395426078,0.712574727,1.869577799,21,0.217748409,1.664023924,0.233386889,1.038493235,1.271880123,443.6,67.5691098,1034.828623,53.31504117,-0.060756077,0.237420622,0.151013216,0.305429447
sedg.us,Fertilized,5,5.2,2.378511623,0.893715695,2.387638692,0.437650536,1.145547441,8.8,0.453284004,0.50530624,0.710515108,1.290085862,2.00060097,280.8,107.668001,426.8089893,95.92791963,0.335720533,0.722743603,1.274083046,1.164824213
sedg.us,Control,5,6.666666667,2.736965594,1.170375768,2.891712657,0.513359022,1.132777257,11,0.315700131,0.738800272,0.360518525,1.154207107,1.514725632,223.1,77.72054977,426.8089893,95.92791963,0.058724895,0.399286967,0.544938536,0.630257724
sevi.us,Fertilized,5,6.533333333,2.707819249,1.783628797,4.231752108,0.629162381,1.236784269,11.8,-0.217320961,0.923838062,0.023047102,-0.151528619,-0.128481517,117.264,57.85331194,846.8259766,66.06919852,-0.100298588,-0.748690323,-0.921032968,-0.986941876
sevi.us,Control,5,7.266666667,2.861293729,1.887951037,4.657660628,0.693851883,1.099554031,12.8,-0.037342916,0.86435313,0.015057389,0.040754628,0.055812017,92.626,40.51043785,846.8259766,66.06919852,-0.211725807,-0.704542941,-0.948029414,-0.817661059
sgs.us,Fertilized,5,7.4,2.887525271,1.721709249,4.194843023,0.696240915,1.038088864,11.6,0.185375565,0.936230189,0.043788486,-0.080280124,-0.036491638,276,89.90873608,879.6653724,58.78775076,-0.062564204,-0.700353013,-0.854925176,-0.914097622
sgs.us,Control,5,6.533333333,2.707819249,1.254291584,3.0699114,0.595606884,1.205627474,11.6,0.511191802,0.904953982,0.03459122,0.579618539,0.614209759,279.6,67.84422215,879.6653724,58.78775076,-0.196972479,-0.171208903,-0.407832578,-0.25031693
shps.us,Fertilized,5,12.06666667,3.592955291,1.941864881,5.532393538,0.673162276,1.194525221,19.8,0.251848826,0.699897623,0.23899372,0.5247514,0.76374512,211.1,81.49857258,970.1533487,41.10188875,0.097345185,-0.157829555,-0.121702225,-0.240791962
shps.us,Control,5,15.53333333,3.957295549,2.438095071,8.244960339,0.759876673,1.083187761,27.6,0.766666641,0.677802829,0.383739204,0.600967534,0.984706738,134,31.60673813,970.1533487,41.10188875,0.100356363,-0.171670652,-0.096365118,-0.067556123
sier.us,Fertilized,5,9.4,3.232660757,1.939290633,5.112214691,0.706501049,1.314916853,18.4,0.168736865,1.321741915,0.247706197,0.440432681,0.688138878,396.6,89.34001076,665.1720015,86.5282909,-0.013416162,-0.10200442,-0.037881916,-0.247672654
sier.us,Control,5,8.266666667,3.047305715,1.815091755,4.399209585,0.683492279,1.692443969,17.2,0.053767681,1.059251726,0.191560106,0.597484306,0.789044412,379.8,124.7891348,665.1720015,86.5282909,-0.056009721,-0.131590263,-0.15796108,-0.118671303
smith.us,Control,5,19.6,4.292781749,2.820638383,10.44870417,0.778373049,1.379395993,28.2,0.357575583,0.961603436,0.050814427,0.627902376,0.678716802,200.47,53.59659771,474.7503427,38.69810191,-0.166012334,-0.100142568,-0.303621609,-0.42858345
smith.us,Fertilized,5,17.8,4.153805336,2.518802528,8.42931963,0.729147058,1.278493709,25.6,0.075752671,1.118053044,0.018162495,0.517709867,0.535872362,278.25,84.32802679,474.7503427,38.69810191,-0.097895259,-0.185989365,-0.368108034,-0.556142555
spin.us,Fertilized,5,6.4,2.678071905,1.66117364,3.904885313,0.733267071,1.227353661,9.6,0.04918885,2.630449002,0.748097172,0.546342823,1.294439995,322.2,22.09904994,882.4458054,16.64644486,0.41678113,-0.185264795,0.33843115,0.459976826
spin.us,Control,5,10.06666667,3.331514144,2.056557585,5.550866455,0.721958554,1.168331291,13.8,0.006497751,2.734161031,0.53487424,1.144296823,1.679171063,320.6,20.68762008,882.4458054,16.64644486,0.18421906,0.405625615,0.63652679,0.728951564
temple.us,Fertilized,5,10.53333333,3.396890153,2.1276298,5.723574171,0.754484376,1.380738794,19,0.06334887,0.898546794,0.089814037,0.373114439,0.462928476,648.4,247.7975609,751.5573512,29.10733362,-0.099752518,-0.316993377,-0.447643105,-0.492787567
temple.us,Control,5,11.86666667,3.568842835,2.483388477,7.14650164,0.786142936,1.311714759,20.2,0.09835218,0.814623647,0.13124449,0.551060641,0.682305131,640.6,257.0908208,751.5573512,29.10733362,-0.126095053,-0.166857613,-0.306170692,-0.297610701
trel.us,Fertilized,5,4.266666667,2.093109404,1.198832246,2.771613517,0.704811952,1.017492411,6,1.203752377,1.139388888,0.098889223,1.162627709,1.261516931,412.4,39.60092542,1026.588482,25.24320349,-0.160687416,0.424126229,0.315974447,0.523704593
trel.us,Control,5,5.066666667,2.341036918,1.570588511,3.466868361,0.783749492,1.079719389,7.6,0.959629511,0.939306041,0.047408135,0.942152606,0.989560741,417.4,62.49643051,1026.588482,25.24320349,-0.315401961,0.153040939,-0.13793569,0.222874813
ukul.za,Fertilized,5,13.26666667,3.729734025,2.200041001,6.498966296,0.71605571,1.741320998,26.6,-0.077766463,1.57046331,0.060188557,0.371065269,0.431253825,466.2,104.7857595,347.2977397,65.26595269,-0.044233163,-0.306540703,-0.413403456,-0.589330984
ukul.za,Control,5,16.06666667,4.005998741,2.047289902,6.609566384,0.670664071,1.755366704,30.8,0.445576215,1.445699294,0.229912781,1.228458416,1.458371197,519.6,78.39685217,347.2977397,65.26595269,0.010767654,0.461990938,0.442976389,0.381504717
valm.ch,Fertilized,5,23.46666667,4.552541023,3.090567856,12.5428915,0.794784457,1.484578937,41.6,0.437357099,1.654806227,0.234841749,0.967044831,1.20188658,346.6,42.77731985,639.1732359,25.91755635,0.024741235,0.26208753,0.276609995,0.052349993
valm.ch,Control,5,27.13333333,4.761994389,3.16709527,14.64432026,0.81599465,2.157404882,51,0.725238505,1.909574886,0.787717004,1.176245229,1.963962233,331,23.7434092,639.1732359,25.91755635,0.530073375,0.466060318,0.99124036,0.781811086
yarra.au,Fertilized,5,4.466666667,2.159198595,0.89174828,2.287475298,0.516844086,0.959334185,6,0.208053415,0.97253824,0.00936479,0.009357654,0.018722444,266.4,81.81063801,465.034015,33.15991489,-0.139614276,-0.711726325,-0.905036142,-0.764572489
yarra.au,Control,5,5.2,2.378511623,1.169155921,2.808670137,0.622862408,1.085676783,8.4,0.516392551,1.241523701,0.021699797,0.083634378,0.105334175,288.8,49.79019889,465.034015,33.15991489,-0.213238347,-0.644431344,-0.881958656,-0.696959061
bogong.au,Control,6,18.11111111,4.178803153,1.826400315,6.058093711,0.616599398,1.047132161,22.5,0.969786391,1.074805438,0.368564677,1.170323401,1.538888078,285.3366667,36.93198364,489.9922677,26.48821526,0.110317672,0.448491157,0.554433961,0.42217612
bogong.au,Fertilized,6,17.61111111,4.138414029,2.143339956,7.133262089,0.675714587,1.469003188,25,0.935102117,1.077314205,0.022973138,1.278778231,1.301751369,294.6666667,39.38671009,489.9922677,26.48821526,-0.178841862,0.547028683,0.360561992,0.202755058
burrawan.au,Control,6,8.777777778,3.133855747,1.272483618,3.377318477,0.551327411,1.023930057,14.16666667,0.524255433,0.687322775,0.261583876,0.581669486,0.843253362,292,86.93629371,497.4823015,41.48761273,0.054017258,-0.143609519,-0.132797903,-0.103417197
burrawan.au,Fertilized,6,9,3.169925001,1.642453038,4.19018628,0.605438618,1.15932381,13.83333333,0.284098603,0.589614715,0.298725989,0.264975984,0.563701973,317.5,132.524098,497.4823015,41.48761273,0.195471512,-0.425246231,-0.327375498,-0.37946286
cbgb.us,Control,6,8.555555556,3.096861539,1.673049806,4.328147273,0.6577068,1.205095207,19.66666667,0.536033831,1.245183465,0.530525211,0.755454264,1.285979476,356.5,60.04636077,1122.075674,46.25499319,0.182861549,-0.08373692,0.088841084,0.364978437
cbgb.us,Fertilized,6,6.833333333,2.772589504,1.287195687,3.290262998,0.586622258,2.452330088,14.83333333,0.328640274,1.175390978,0.307414519,0.825478101,1.132892619,426.8333333,94.85622884,1122.075674,46.25499319,0.155121595,0.111231574,0.237141196,0.255470336
cdcr.us,Control,6,10.22222222,3.353636955,2.086179904,5.58849795,0.73355256,1.240824631,17.16666667,0.471830235,0.878595521,0.283994584,0.571773061,0.855767645,316.1666667,81.92824024,1215.737934,53.0748237,-0.11409365,-0.321613626,-0.431800446,-0.096205641
cdcr.us,Fertilized,6,5.722222222,2.516575526,1.563582175,3.600841346,0.730777206,1.186276251,11.83333333,0.4618988,0.936683558,0.049872809,0.732118795,0.781991603,345.9166667,85.42301317,1215.737934,53.0748237,-0.114248175,-0.003685867,-0.115344337,-0.024818119
cdpt.us,Fertilized,6,9.277777778,3.213779291,1.773417762,4.500522232,0.67869991,1.208835582,16.66666667,0.147945765,1.714937046,0.21750748,0.34486514,0.56237262,253.77,39.3913218,1006.799906,63.28145436,0.081365819,-0.287983544,-0.2560109,-0.37517919
cdpt.us,Control,6,11.33333333,3.502500341,2.165144624,5.954116569,0.727497225,1.251385069,19.83333333,0.555628788,1.222390617,0.142448173,0.674943937,0.81739211,236.9566667,40.03915612,1006.799906,63.28145436,-0.139670511,-0.117925893,-0.278339572,-0.161581074
chilcas.ar,Control,6,8.444444444,3.078002512,1.533323147,3.947523037,0.457492491,0.907946774,18.16666667,0.497979913,1.098850541,0.296241845,0.777844412,1.074086257,316,64.00183528,497.6117157,25.5935827,0.034744867,0.057436441,0.090798983,0.120171327
chilcas.ar,Fertilized,6,4.388888889,2.133855747,0.387049116,1.651319266,0.22287632,0.953719148,9.166666667,1.243448313,0.476847589,0.672524385,0.948470774,1.620995159,306.4166667,54.85261872,497.6117157,25.5935827,0.462495955,0.216352552,0.678130636,0.788965433
comp.pt,Control,6,20.16666667,4.333900737,2.769752488,10.17552663,0.740416902,1.346819249,31.33333333,0.013073193,1.149301793,0.16370019,0.62002748,0.78372767,410.3333333,128.3286885,515.6740189,63.04059138,-0.026092839,-0.109326142,-0.179129386,-0.337590003
comp.pt,Fertilized,6,14.66666667,3.874469118,2.450667732,7.589482362,0.730981075,1.366068268,23,-0.280058902,1.58570043,0.059188621,0.620481422,0.679670043,416.5,112.8709277,515.6740189,63.04059138,-0.033404399,-0.008363598,-0.138334536,-0.363403264
cowi.ca,Control,6,4.555555556,2.187627003,0.446658945,1.755251184,0.363410534,1.00697969,7.333333333,0.921881649,0.445244663,0.056960258,0.707620091,0.764580349,198.3333333,50.54291635,487.9430797,64.8927335,-0.136917514,-0.026255926,-0.202768362,-0.051400171
cowi.ca,Fertilized,6,3.444444444,1.784271309,0.208169852,1.34323325,0.22402612,1.000684437,4.833333333,1.732355855,0.58231171,0.008930665,0.577467802,0.586398467,300,29.63970685,487.9430797,64.8927335,-0.089969021,-0.053514088,-0.229948257,-0.184588761
frue.ch,Control,6,13.33333333,3.736965594,2.7315681,8.547714061,0.828875535,1.232014334,18.83333333,0.184491241,1.305742067,0.036026853,0.836478986,0.872505838,481.5,108.4916188,625.5573169,22.73913361,-0.235837449,0.127184374,-0.101114784,-0.12894128
frue.ch,Fertilized,6,11.11111111,3.473931188,2.480521603,6.972740911,0.790997367,1.166760791,14.33333333,0.122470091,1.704720208,0.031861616,0.83790169,0.869763305,489.6666667,78.77018703,625.5573169,22.73913361,-0.208730119,0.122911324,-0.066925504,-0.092758408
hall.us,Fertilized,6,4.777777778,2.256339753,0.857475499,2.328884793,0.431080906,1.124640903,7.666666667,0.339495063,2.173394224,0.501968598,0.596935112,1.09890371,311.8333333,25.26903089,871.4106986,15.0867811,0.152408016,-0.137389994,0.138625988,0.283199594
hall.us,Control,6,5.5,2.459431619,1.341631566,3.138367725,0.721962788,1.246636509,8.666666667,0.071333012,1.623318457,0.220102009,0.535510143,0.755612152,268.1666667,49.25235625,871.4106986,15.0867811,-0.136307127,-0.199921559,-0.282476938,-0.042846911
hopl.us,Fertilized,6,11.94444444,3.578267848,2.260610561,6.283022973,0.703481777,1.557639326,22.16666667,-0.267834152,1.603449689,0.045706844,0.425432003,0.471138847,461.6666667,121.4165982,538.8322225,91.42926786,-0.268594032,-0.123253913,-0.251037498,-0.525361019
hopl.us,Control,6,18.27777778,4.192018772,2.851065277,10.10511645,0.782118551,1.544456853,31.66666667,-0.178060435,1.230208925,0.105347444,0.787484911,0.892832355,452.3333333,157.9487922,538.8322225,91.42926786,-0.161518849,0.052152026,-0.053648591,-0.196256009
kiny.au,Fertilized,6,8.111111111,3.019899557,1.235526799,3.293539315,0.487636545,1.128977261,13.16666667,-0.307001445,1.383082395,0.01871224,0.129725705,0.148437945,188.8333333,64.37876492,517.3570778,21.82745628,-0.228943197,-0.607440695,-0.803653565,-0.789916326
kiny.au,Control,6,8.222222222,3.039528364,1.12770623,3.199827269,0.455006357,1.402055146,14.83333333,-0.312702513,1.343152969,0.023188196,-0.209433329,-0.186245133,164.4166667,58.67145959,517.3570778,21.82745628,-0.254698096,-0.925991546,-1.167652503,-1.133914253
koffler.ca,Fertilized,6,6.944444444,2.795859283,1.408135767,3.597133564,0.660360798,1.265139028,10.5,0.220388108,0.928419433,0.311547134,0.896840962,1.208388096,446.4666667,141.5364387,1032.429739,20.41847127,0.001346249,0.143969598,0.246136946,0.340247228
koffler.ca,Control,6,8.722222222,3.124695747,1.840473042,4.83040837,0.728073076,1.187069433,14,0.213325398,0.563113292,0.776538518,1.079223472,1.855761989,320.8,147.5812964,1032.429739,20.41847127,0.387313378,0.289187894,0.721681205,0.94263841
marc.ar,Fertilized,6,10.88888889,3.444784843,2.07809569,5.778503636,0.700762259,1.404834978,18.5,-0.229960985,1.94063975,0.477508144,0.822266409,1.299774552,358.6666667,64.82651404,464.925876,19.90021469,0.208557396,0.06617118,0.3327754,0.326011731
marc.ar,Control,6,11.22222222,3.488286481,1.524152283,4.306879277,0.568968853,1.306944786,19.66666667,-0.14452433,1.617733396,0.182865614,0.675754181,0.858619794,324.8333333,74.44816889,464.925876,19.90021469,-0.110189235,-0.04828334,-0.134759257,-0.146539441
mtca.au,Fertilized,6,9.388888889,3.230954435,1.984347573,5.181425971,0.723318124,1.403484955,14.66666667,0.037737994,1.368373359,0.196985173,0.81175908,1.008744253,254.6666667,62.41740408,534.3282043,50.66807846,0.117004655,0.154560803,0.15308911,0.076269929
mtca.au,Control,6,14,3.807354922,2.155795795,6.710897832,0.703177425,1.4874122,23.16666667,0.031935699,0.989417322,0.120023195,0.636693845,0.756717039,197.5,71.12120706,534.3282043,50.66807846,-0.069932283,-0.086674386,-0.208974806,-0.279703547
sage.us,Control,6,12.38888889,3.630974898,2.501943921,7.515592104,0.793044921,1.725184455,24.66666667,0.364816496,1.278275236,0.864363415,0.943036559,1.807399973,206.6666667,39.96545506,688.3559399,73.81981124,0.654916376,0.216899008,0.851807567,0.817919704
sage.us,Fertilized,6,12.38888889,3.630974898,2.542209215,7.62917058,0.801041012,1.783323062,25.5,0.241838424,1.471642803,0.204049885,1.15111147,1.355161354,219.3333333,39.53203737,688.3559399,73.81981124,0.05315236,0.576912799,0.588871375,0.367126658
saline.us,Fertilized,6,9.777777778,3.289506617,1.820475672,4.810312573,0.692161471,1.506077503,19.66666667,-0.216211934,1.576546378,0.136320922,0.716178593,0.852499514,510.8333333,131.0670383,1034.828623,53.31504117,0.010321014,0.049405885,-0.002932124,-0.095796706
saline.us,Control,6,10.77777778,3.429987841,1.998772794,5.467504254,0.718159709,1.835430568,21,0.185772242,1.72065393,0.235242332,1.078089135,1.313331468,451.6666667,67.12243053,1034.828623,53.31504117,-0.058900633,0.277016522,0.19246456,0.345288816
sedg.us,Control,6,6.777777778,2.760812336,1.146205506,2.911475112,0.51347288,1.100103663,11.33333333,0.133752051,0.929049285,0.523234834,1.075462111,1.598696945,213.9166667,73.90534817,426.8089893,95.92791963,0.221441205,0.320541971,0.62890985,0.710099815
sedg.us,Fertilized,6,4.722222222,2.239465935,0.795479258,2.1987304,0.419111918,1.130273731,8.166666667,0.484996196,0.540099831,0.683243259,1.384404152,2.067647412,278.6666667,99.97501421,426.8089893,95.92791963,0.308448684,0.817061893,1.341129488,1.252715862
sevi.us,Control,6,7.277777778,2.863498,1.860893286,4.604625918,0.686739196,1.137612934,12.83333333,-0.084988871,0.955677308,0.032250725,0.174467029,0.206717755,99.705,41.74281701,846.8259766,66.06919852,-0.194532471,-0.570830539,-0.797123676,-0.668424775
sevi.us,Fertilized,6,6.666666667,2.736965594,1.822975794,4.319325927,0.652367548,1.25172627,12.16666667,-0.218527365,1.009369032,0.04565217,0.003306987,0.048959157,122.2633333,55.44189423,846.8259766,66.06919852,-0.077693521,-0.593854717,-0.743592295,-0.8103781
sgs.us,Control,6,6.666666667,2.736965594,1.213353499,2.998102546,0.575795855,1.210429,12,0.469694266,1.026859181,0.161698801,0.583203816,0.744902617,281.1666667,62.95336201,879.6653724,58.78775076,-0.069864898,-0.167623626,-0.27713972,-0.12827765
sgs.us,Fertilized,6,7.166666667,2.841302254,1.623302337,3.919914937,0.666947339,1.037385259,11.5,0.213041402,1.020277729,0.046861154,0.013271651,0.060132805,276.6666667,80.59964788,879.6653724,58.78775076,-0.059491536,-0.606801237,-0.758300733,-0.814725294
sier.us,Control,6,8.444444444,3.078002512,1.825964787,4.492037786,0.683011718,1.63627816,17.16666667,0.066130708,1.078877941,0.192846475,0.668204423,0.861050898,374.1666667,119.0677527,665.1720015,86.5282909,-0.054723353,-0.060870145,-0.085954594,-0.052093547
sier.us,Fertilized,6,9.722222222,3.28128611,1.97251824,5.231549583,0.695222087,1.319410793,19,0.018444013,1.537682434,0.297834081,0.487744871,0.785578952,407.6666667,85.99794499,665.1720015,86.5282909,0.036711721,-0.054692229,0.059558157,-0.160733424
spin.us,Fertilized,6,6.388888889,2.67556505,1.615608677,3.823181724,0.723396727,1.305967627,9.666666667,-0.030373739,2.749012636,0.333308004,0.478892844,0.812200848,319.6666667,21.08664474,882.4458054,16.64644486,0.001991962,-0.252714773,-0.143807997,-0.023610487
spin.us,Control,6,10.16666667,3.345774837,2.067846995,5.619152583,0.726268573,1.19057507,14,-0.029243107,2.535564945,0.465356367,1.093580926,1.558937292,314.1666667,25.62585472,882.4458054,16.64644486,0.114701188,0.354909717,0.516293019,0.607015336
temple.us,Control,6,12.33333333,3.624490865,2.508930763,7.311607366,0.784605158,1.297843272,21.33333333,0.034339077,0.878927966,0.133659184,0.597943094,0.731602278,667.1666667,267.6748097,751.5573512,29.10733362,-0.123680359,-0.11997516,-0.256873545,-0.258275423
temple.us,Fertilized,6,10.83333333,3.437405312,2.073906225,5.546676056,0.729952125,1.347397077,19.66666667,-0.034903607,1.052183142,0.091990749,0.476002978,0.567993727,632.5,228.6976181,751.5573512,29.10733362,-0.097575805,-0.214104838,-0.342577854,-0.399207821
trel.us,Control,6,4.833333333,2.273018494,1.557160305,3.39325753,0.789540547,1.085686697,7,0.768857992,0.835874213,0.048509157,1.055848575,1.104357732,437,87.81224803,1026.588482,25.24320349,-0.314300938,0.266736908,-0.023138699,0.350555297
trel.us,Fertilized,6,4.333333333,2.115477217,1.274980058,2.889477169,0.725962219,1.030276175,6.166666667,0.907152159,0.910555477,0.142921719,1.23526362,1.378185339,415,67.39500357,1026.588482,25.24320349,-0.116654919,0.49676214,0.432642855,0.640304207
ukul.za,Control,6,16.66666667,4.058893689,2.143509871,7.132192747,0.686160576,1.766638019,32.16666667,0.342032701,1.335707179,0.429324684,1.068833743,1.498158427,495.5,92.55725941,347.2977397,65.26595269,0.210179557,0.302366265,0.48276362,0.414888712
ukul.za,Fertilized,6,13.55555556,3.760812336,2.233951573,6.682388228,0.717596783,1.681321976,27,-0.108169961,1.659478929,0.062394595,0.4265579,0.488952495,465.5,98.67218843,347.2977397,65.26595269,-0.042027124,-0.251048071,-0.355704787,-0.536761955
valm.ch,Fertilized,6,23.33333333,4.544320516,3.002346482,12.0996702,0.783219174,1.452453606,41.83333333,0.416697739,1.730293593,0.220152271,1.057748057,1.277900329,342.5,40.01603807,639.1732359,25.91755635,0.010051757,0.352790757,0.352623744,0.127703444
valm.ch,Control,6,27.72222222,4.792971004,3.173078776,14.90557017,0.81589035,2.157559813,52,0.65461728,1.998285622,0.742906733,1.190005944,1.932912677,328.1666667,23.1181658,639.1732359,25.91755635,0.485263105,0.479821033,0.960190804,0.745352129
bogong.au,Control,7,18.23809524,4.188883159,1.87105239,6.26004338,0.625033374,1.043851961,22.57142857,0.937269142,1.194733577,0.38840429,1.224456968,1.612861258,286.1457143,33.93674848,489.9922677,26.48821526,0.130157285,0.502624725,0.628407141,0.495919915
bogong.au,Fertilized,7,17.52380952,4.131244533,2.206935523,7.29746409,0.685484915,1.479114898,25,0.863255974,1.168905397,0.073056531,1.298776761,1.371833292,298.1442857,39.07239385,489.9922677,26.48821526,-0.12875847,0.567027213,0.430643915,0.275850944
burrawan.au,Control,7,8.476190476,3.083416008,1.289064753,3.410388052,0.564546025,1.021368921,13.71428571,0.536843296,0.733381256,0.320522423,0.602830442,0.923352866,296.5714286,83.26793519,497.4823015,41.48761273,0.112955805,-0.122448563,-0.052698399,-0.012150451
burrawan.au,Fertilized,7,8.619047619,3.107528464,1.640062127,4.116969054,0.616673201,1.192028637,13.42857143,0.253901949,0.692233782,0.29773634,0.37481042,0.67254676,324.1428571,125.8446997,497.4823015,41.48761273,0.194481862,-0.315411795,-0.218530711,-0.257728794
cbgb.us,Control,7,8.857142857,3.146841388,1.727126393,4.525512552,0.668465766,1.23690792,20.28571429,0.487749022,1.274933881,0.588602799,0.748149266,1.336752065,361.1428571,61.96630092,1122.075674,46.25499319,0.240939136,-0.091041918,0.139613673,0.408998599
cbgb.us,Fertilized,7,6.952380952,2.797507136,1.319726607,3.321177873,0.5860588,2.363289012,14.71428571,0.254679821,1.300260264,0.376101884,0.764713256,1.14081514,425.1428571,89.79103725,1122.075674,46.25499319,0.223808961,0.050466729,0.245063717,0.258954829
cdcr.us,Control,7,10.28571429,3.362570079,2.068754834,5.549843635,0.728186445,1.205759166,17.42857143,0.49735637,0.937515813,0.31149759,0.632441217,0.943938806,321.7142857,76.61490631,1215.737934,53.0748237,-0.086590644,-0.260945471,-0.343629285,-0.010559133
cdcr.us,Fertilized,7,5.904761905,2.561878888,1.597509706,3.6883607,0.722432484,1.152655857,12,0.363763525,1.070947513,0.119340548,0.753913949,0.873254497,341.7857143,81.40795021,1215.737934,53.0748237,-0.044780435,0.018109287,-0.024081442,0.05705249
cdpt.us,Fertilized,7,8.80952381,3.139064038,1.746029043,4.379796245,0.681436605,1.223270343,15.57142857,0.083334377,1.740190922,0.200851139,0.325285164,0.526136303,249.7314286,40.32052945,1006.799906,63.28145436,0.064709477,-0.30756352,-0.292247217,-0.397918817
cdpt.us,Control,7,11.0952381,3.471868722,2.143134012,5.867876985,0.729402783,1.265138675,19.57142857,0.478575609,1.342330444,0.143247703,0.651352308,0.794600011,239.5342857,38.77557386,1006.799906,63.28145436,-0.138870981,-0.141517522,-0.301131671,-0.178698167
comp.pt,Fertilized,7,13.57142857,3.762500686,2.321535852,6.918523261,0.689211126,1.354081226,22,-0.326343096,1.64862836,0.071925674,0.703458498,0.775384172,405.4285714,108.0570626,515.6740189,63.04059138,-0.020667346,0.074613478,-0.042620407,-0.255755783
comp.pt,Control,7,19.57142857,4.290677161,2.739187593,9.902148251,0.736011352,1.337222333,30.71428571,-0.021685995,1.153267578,0.073231347,0.488492605,0.561723953,392.2857143,126.5210698,515.6740189,63.04059138,-0.116561681,-0.240861017,-0.401133103,-0.552868418
cowi.ca,Control,7,4.380952381,2.131244533,0.45261499,1.742543099,0.365851042,1.002159699,7.142857143,0.881098458,0.475340487,0.049399141,0.644165454,0.693564595,194.5714286,50.11700609,487.9430797,64.8927335,-0.14447863,-0.089710564,-0.273784116,-0.112163049
cowi.ca,Fertilized,7,3.285714286,1.716207034,0.188690645,1.311341669,0.211397282,1.000607483,4.571428571,1.78596507,0.616532728,0.00903926,0.6061591,0.615198359,301,27.23798393,487.9430797,64.8927335,-0.089860427,-0.02482279,-0.201148365,-0.146227437
frue.ch,Fertilized,7,11.47619048,3.520571913,2.419927346,6.86225226,0.77741293,1.160852035,14.85714286,0.089264736,1.703581908,0.035159805,0.751254535,0.786414339,479.7142857,79.86550599,625.5573169,22.73913361,-0.20543193,0.036264169,-0.15027447,-0.186679648
frue.ch,Control,7,13.66666667,3.772589504,2.669929777,8.430866897,0.816655667,1.213707524,19.42857143,0.11507905,1.30224424,0.025830997,0.664094047,0.689925044,467.5714286,113.3214914,625.5573169,22.73913361,-0.246033305,-0.045200565,-0.283695578,-0.31993051
hall.us,Control,7,5.238095238,2.389042291,1.353452316,3.118566508,0.737730692,1.244626684,8.142857143,0.053699362,1.554419355,0.22009348,0.537821819,0.757915299,262.5714286,52.58360807,871.4106986,15.0867811,-0.136315657,-0.197609883,-0.280173791,-0.025444024
hall.us,Fertilized,7,4.333333333,2.115477217,0.766505146,2.151122313,0.403578765,1.113736543,7,0.383131578,2.092103639,0.495810767,0.64933207,1.145142836,307.5714286,25.880043,871.4106986,15.0867811,0.146250184,-0.084993036,0.184865114,0.348979624
hopl.us,Control,7,18.57142857,4.215012891,2.875315894,10.28103723,0.785293203,1.512401792,32,-0.197259093,1.281977096,0.176189999,0.787219784,0.963409782,441.1428571,149.1050005,538.8322225,91.42926786,-0.090676294,0.051886899,0.016928836,-0.129106085
hopl.us,Fertilized,7,11.95238095,3.579226131,2.162775946,5.956923395,0.676767086,1.568789963,22.71428571,-0.264559977,1.575360931,0.055836599,0.451419501,0.5072561,446.4285714,120.3589418,538.8322225,91.42926786,-0.258464277,-0.097266414,-0.214920245,-0.49424014
kiny.au,Fertilized,7,8.428571429,3.075288127,1.236816717,3.368971104,0.49112264,1.092128453,13.85714286,-0.347177933,1.444435049,0.020678585,0.098629259,0.119307843,182.7142857,60.98735432,517.3570778,21.82745628,-0.226976853,-0.638537141,-0.832783666,-0.828054905
kiny.au,Control,7,8.047619048,3.008562014,1.136715363,3.229063082,0.469412929,1.318501694,14.28571429,-0.349708401,1.224173713,0.027672356,-0.287115366,-0.259443009,151.9285714,63.36712375,517.3570778,21.82745628,-0.250213936,-1.003673583,-1.240850379,-1.199118878
koffler.ca,Fertilized,7,6.714285714,2.74723393,1.332622333,3.393564763,0.630982125,1.27845846,10.14285714,0.172502375,0.978550414,0.333412172,0.967912849,1.30132502,430.5142857,136.1732155,1032.429739,20.41847127,0.023211287,0.215041484,0.33907387,0.436334707
koffler.ca,Control,7,9.333333333,3.222392421,1.841887216,4.915251172,0.718968421,1.16878123,15,0.218238753,0.581387964,0.809202042,1.121389437,1.930591479,323.2571429,145.3030262,1032.429739,20.41847127,0.419976903,0.331353859,0.796510694,0.998820754
marc.ar,Fertilized,7,9.904761905,3.308122295,1.941066374,5.209585972,0.645858671,1.383136315,16.71428571,-0.271658424,2.023034321,0.340028501,0.825031626,1.165060127,353,61.25785953,464.925876,19.90021469,0.071077754,0.068936398,0.198060976,0.20515356
marc.ar,Control,7,10.9047619,3.446886365,1.439297267,4.056190351,0.548863645,1.279631162,18.57142857,-0.135687052,1.68368381,0.179041767,0.779328703,0.958370471,327.2857143,69.60502591,464.925876,19.90021469,-0.114013081,0.055291183,-0.035008581,-0.043219042
mtca.au,Fertilized,7,9.333333333,3.222392421,1.903226357,4.944975835,0.7014512,1.471884651,14.28571429,-0.101818763,1.533632684,0.12843023,0.790597495,0.919027725,264.4285714,63.16543531,534.3282043,50.66807846,0.048449712,0.133399218,0.063372581,-0.01590985
mtca.au,Control,7,14.04761905,3.812253721,2.174632889,6.70189036,0.703823111,1.475431787,23.14285714,0.00267093,1.102263567,0.310546879,0.484734918,0.795281797,204.8571429,67.85535962,534.3282043,50.66807846,0.120591402,-0.238633312,-0.170410048,-0.241874547
saline.us,Control,7,10.61904762,3.408582477,2.021633916,5.483338023,0.724723243,1.841112554,20.85714286,0.018691422,1.761426247,0.284315727,1.095400398,1.379716126,440,74.1920542,1034.828623,53.31504117,-0.009827238,0.294327785,0.258849218,0.416585021
saline.us,Fertilized,7,9.476190476,3.244307198,1.762416745,4.642885121,0.683421367,1.477074636,18.71428571,-0.288819736,1.591542377,0.190364576,0.759819134,0.95018371,489.2857143,132.9833538,1034.828623,53.31504117,0.064364668,0.093046426,0.094752071,0.008173006
sedg.us,Fertilized,7,4.285714286,2.099535674,0.713524419,2.046629037,0.40155543,1.179929034,7.285714286,0.352220655,0.693332977,0.796404108,1.357204957,2.153609064,270.4285714,95.05487635,426.8089893,95.92791963,0.421609533,0.789862697,1.42709114,1.359854208
sedg.us,Control,7,6.571428571,2.716207034,1.151257545,2.897738546,0.539894322,1.091607562,11.14285714,0.134764883,0.879528368,0.58940425,1.100934964,1.690339214,203.5,73.80103486,426.8089893,95.92791963,0.28761062,0.346014824,0.720552119,0.814280891
sevi.us,Fertilized,7,6.714285714,2.74723393,1.760589463,4.215795819,0.652224088,1.222028884,12.28571429,-0.200742323,1.023239754,0.080470209,0.09500712,0.175477329,118.4614286,52.04402421,846.8259766,66.06919852,-0.042875482,-0.502154583,-0.617074122,-0.685672757
sevi.us,Control,7,7.285714286,2.86507042,1.884473118,4.644840422,0.688541264,1.059949509,12.85714286,-0.0663641,0.964523528,0.13799512,0.197551591,0.335546711,97.28285714,39.62512395,846.8259766,66.06919852,-0.088788076,-0.547745978,-0.66829472,-0.539543664
sgs.us,Control,7,7.047619048,2.817135943,1.295162361,3.198314973,0.588179265,1.232522717,12.42857143,0.348341268,1.048018566,0.144377849,0.570443211,0.71482106,298.2857143,73.82459678,879.6653724,58.78775076,-0.08718585,-0.180384231,-0.307221277,-0.170071705
sgs.us,Fertilized,7,7.523809524,2.911463325,1.675575082,4.048026643,0.67120846,1.06097931,12,0.078787431,0.892674797,0.062658452,0.12313807,0.185796522,311.2857143,117.8307128,879.6653724,58.78775076,-0.043694238,-0.496934818,-0.632637016,-0.70050065
sier.us,Control,7,8.571428571,3.099535674,1.860968665,4.609666063,0.679176953,1.618527856,17.28571429,0.068910697,1.147495656,0.19306443,0.708699035,0.901763465,374.2857143,110.8982479,665.1720015,86.5282909,-0.054505398,-0.020375533,-0.045242026,-0.015821445
sier.us,Fertilized,7,9.285714286,3.215012891,1.86615489,4.866030162,0.660968917,1.346047556,18.28571429,-0.062185996,1.555855496,0.307060387,0.563408527,0.870468914,401.8571429,90.23588261,665.1720015,86.5282909,0.045938028,0.020971427,0.14444812,-0.070503063
spin.us,Control,7,10.04761905,3.328781766,2.043091794,5.526281274,0.724386079,1.215697311,14.42857143,-0.06655519,2.169888265,0.506512404,1.102535866,1.60904827,304.7142857,37.19005899,882.4458054,16.64644486,0.155857225,0.363864658,0.566403997,0.659743119
spin.us,Fertilized,7,6.19047619,2.63005039,1.536398782,3.638036405,0.700213989,1.274973891,9.142857143,-0.234669964,2.932905726,0.318291483,0.59071909,0.909010574,316.2857143,21.29367761,882.4458054,16.64644486,-0.013024559,-0.140888527,-0.046998271,0.076928602
temple.us,Control,7,12.23809524,3.613307126,2.535910887,7.440961241,0.79498084,1.320037885,21.57142857,0.002160389,0.956878797,0.13811745,0.692951972,0.831069422,650.2857143,249.2291217,751.5573512,29.10733362,-0.119222093,-0.024966282,-0.157406401,-0.15498632
temple.us,Fertilized,7,10.95238095,3.453172628,2.130645025,5.760636254,0.738733864,1.308213039,20.14285714,-0.094380362,1.19630088,0.119348294,0.557044427,0.676392721,630.8571429,209.5911906,751.5573512,29.10733362,-0.07021826,-0.133063389,-0.23417886,-0.291965046
trel.us,Control,7,4.761904762,2.251538767,1.528182805,3.334388069,0.781127965,1.089841347,6.857142857,0.693312123,0.839712893,0.076809885,1.122661225,1.19947111,440.5714286,95.11127961,1026.588482,25.24320349,-0.286000211,0.333549557,0.071974679,0.447885704
trel.us,Fertilized,7,4.380952381,2.131244533,1.284969567,2.915798192,0.724866161,1.044087096,6.142857143,0.838240533,0.915162094,0.166166232,1.047936353,1.214102586,420.2857143,72.78661838,1026.588482,25.24320349,-0.093410406,0.309434874,0.268560102,0.473279477
ukul.za,Control,7,16.66666667,4.058893689,2.18590551,7.23525406,0.691583,1.764391294,32.14285714,0.336567953,1.364798049,0.375726659,1.046421313,1.422147972,488.5714286,89.13211249,347.2977397,65.26595269,0.156581531,0.279953836,0.406753164,0.339858549
ukul.za,Fertilized,7,13.71428571,3.777607579,2.228314836,6.721970867,0.7187664,1.694765835,27.28571429,-0.093680524,1.708677482,0.073543374,0.413501916,0.48704529,466.4285714,92.76857347,347.2977397,65.26595269,-0.030878345,-0.264104056,-0.357611991,-0.541380416
valm.ch,Control,7,28.0952381,4.812253721,3.17732262,15.09638987,0.815581114,2.167144785,52.42857143,0.558768465,2.165999746,0.617073139,1.170869151,1.78794229,328.1428571,21.51350425,639.1732359,25.91755635,0.359429511,0.46068424,0.815220417,0.59697026
valm.ch,Fertilized,7,22.57142857,4.496425826,2.922484071,11.49345827,0.771893729,1.41379442,40.42857143,0.383909136,1.711154978,0.19784696,1.028101293,1.225948253,335.7142857,41.31379005,639.1732359,25.91755635,-0.012253554,0.323143993,0.300671668,0.082038525
bogong.au,Fertilized,8,17.45833333,4.125843933,2.240984531,7.416777263,0.69250446,1.464789665,25,0.822673056,1.199139451,0.065589221,1.002904266,1.068493487,304.2525,40.28766899,489.9922677,26.48821526,-0.13622578,0.271154718,0.12730411,-0.025280022
bogong.au,Control,8,18.25,4.189824559,1.883430678,6.301326131,0.627205821,1.04518997,22.375,0.951262568,1.204498748,0.433718914,1.246728965,1.680447879,290.1275,33.60111212,489.9922677,26.48821526,0.175471909,0.524896722,0.695993762,0.563735459
burrawan.au,Fertilized,8,8.666666667,3.115477217,1.623182987,4.075007304,0.607854424,1.167867464,13.5,0.193611467,0.832849673,0.292535431,0.383315999,0.67585143,326.75,117.0655708,497.4823015,41.48761273,0.189280953,-0.306906216,-0.215226041,-0.257401667
burrawan.au,Control,8,8.541666667,3.094517599,1.26577664,3.368387666,0.55623178,1.018433022,13.75,0.437185841,0.904283748,0.514887724,0.493051021,1.007938745,299.375,78.27493049,497.4823015,41.48761273,0.307321106,-0.232227984,0.03188748,0.069000441
cbgb.us,Control,8,9.25,3.209453366,1.797242306,4.773761306,0.678469316,1.25093363,20.625,0.47549248,1.292891726,0.5922508,0.809139519,1.401390318,370.375,63.18909883,1122.075674,46.25499319,0.244587137,-0.030051665,0.204251927,0.464549617
cbgb.us,Fertilized,8,6.875,2.781359714,1.304661688,3.270297617,0.58658282,2.377045441,14.75,0.214114097,1.384754515,0.43474053,0.731620164,1.166360694,424.875,85.87788934,1122.075674,46.25499319,0.282447606,0.017373637,0.27060927,0.287405089
cdcr.us,Fertilized,8,6.208333333,2.63420602,1.659221958,3.839257557,0.714472758,1.144793829,12.25,0.230193559,1.135225117,0.120613331,0.838960093,0.959573425,354.4375,90.4785992,1215.737934,53.0748237,-0.043507652,0.103155432,0.062237485,0.129346062
cdcr.us,Control,8,10.29166667,3.363404731,2.119248469,5.674407591,0.737467931,1.211232038,17.5,0.443631629,1.010863631,0.35115443,0.650220959,1.001375389,331,77.29452423,1215.737934,53.0748237,-0.046933804,-0.243165728,-0.286192702,0.048410157
cdpt.us,Fertilized,8,9.041666667,3.176588732,1.753355466,4.475638293,0.683587324,1.265853777,15.875,0.077046976,1.79063077,0.209467154,0.392522381,0.601989535,253.7025,39.19246757,1006.799906,63.28145436,0.073325492,-0.240326303,-0.216393985,-0.328206809
cdpt.us,Control,8,11.125,3.475733431,2.182589699,5.992414466,0.734608385,1.252857154,19.875,0.451198582,1.429796914,0.176990583,0.678280254,0.855270836,242.155,36.91369134,1006.799906,63.28145436,-0.105128101,-0.114589577,-0.240460846,-0.117758783
cowi.ca,Fertilized,8,3.291666667,1.718818247,0.19498873,1.322163549,0.214433026,0.998268683,4.625,1.770242215,0.664683061,0.009969392,0.651424752,0.661394144,299.75,26.25938679,487.9430797,64.8927335,-0.088930294,0.020442862,-0.15495258,-0.099937239
cowi.ca,Control,8,4.375,2.129283017,0.517380924,1.828840972,0.387311997,0.998063287,7,0.782309015,0.450926761,0.046039228,0.641184149,0.687223377,185.25,53.97227494,487.9430797,64.8927335,-0.147838543,-0.092691869,-0.280125334,-0.114283106
hopl.us,Fertilized,8,11.75,3.554588852,2.129883582,5.86307726,0.676139819,1.519930945,22.625,-0.256071297,1.641978337,0.05815024,0.50254889,0.560699129,446.375,111.636981,538.8322225,91.42926786,-0.256150637,-0.046137026,-0.161477216,-0.436623136
hopl.us,Control,8,18.16666667,4.183221824,2.911074596,10.34000626,0.795192073,1.473624567,31.375,-0.222694188,1.385125015,0.176088593,0.811637984,0.987726577,448.75,140.3353777,538.8322225,91.42926786,-0.0907777,0.076305099,0.041245631,-0.097467448
kiny.au,Fertilized,8,8.166666667,3.029747343,1.286798925,3.454684016,0.512259711,0.996177747,13.625,-0.356677767,1.434584898,0.020066793,-0.015972537,0.004094256,178.625,60.78733767,517.3570778,21.82745628,-0.227588644,-0.753138937,-0.947997253,-0.931522227
kiny.au,Control,8,8.416666667,3.073248982,1.465803519,3.79591404,0.494106206,1.018951131,14.875,-0.366704944,1.150131673,0.029546137,-0.37804724,-0.348501103,147.3125,67.29792823,517.3570778,21.82745628,-0.248340155,-1.094605458,-1.329908473,-1.294969615
koffler.ca,Fertilized,8,6.5,2.700439718,1.32057453,3.322999297,0.634728954,1.285363184,9.875,0.157737794,0.952602411,0.173616403,0.676035277,0.84965168,419.6375,138.2482578,1032.429739,20.41847127,-0.136584482,-0.076836088,-0.112599471,-0.006518142
koffler.ca,Control,8,9.458333333,3.241585987,1.88577769,5.051790649,0.725688613,1.162455224,15.25,0.216887293,0.653561866,0.309566922,0.761610108,1.071177031,322.7875,135.1715961,1032.429739,20.41847127,-0.079658217,-0.028425469,-0.062903754,0.137281155
mtca.au,Control,8,14.04166667,3.81164228,2.178650535,6.667843079,0.703583218,1.451004762,23.125,-0.013434707,1.162880408,0.13645068,0.254367349,0.39081803,210.625,66.7285969,534.3282043,50.66807846,-0.053504797,-0.469000881,-0.574873816,-0.646275281
mtca.au,Fertilized,8,9.166666667,3.196397213,1.909774548,4.917139934,0.706710915,1.545822617,14.125,-0.138121598,1.398131121,0.081786042,0.737363773,0.819149815,283.75,80.48606356,534.3282043,50.66807846,0.001805524,0.080165496,-0.036505329,-0.1103132
saline.us,Control,8,10.625,3.409390936,2.005074871,5.425064137,0.719406352,1.812034743,20.5,-0.009947607,1.701436187,0.34107909,1.087783418,1.428862508,427.375,78.74173096,1034.828623,53.31504117,0.046936125,0.286710804,0.3079956,0.464629501
saline.us,Fertilized,8,9.541666667,3.254241287,1.77307454,4.696477766,0.68272379,1.428141071,18.625,-0.316835507,1.598370925,0.220602821,0.807219676,1.027822497,473.5,131.4486782,1034.828623,53.31504117,0.094602913,0.140446968,0.172390858,0.083956953
sedg.us,Control,8,6.25,2.64385619,1.100132563,2.770886001,0.544657352,1.091198275,10.625,0.180732569,0.882739215,0.454539965,1.131955108,1.586495074,206.5625,71.31675165,426.8089893,95.92791963,0.152746336,0.377034968,0.616707978,0.723888318
sedg.us,Fertilized,8,4.041666667,2.014950341,0.651184898,1.940641019,0.374960924,1.163767191,6.75,0.37027644,0.64854224,0.768112257,1.386647236,2.154759493,260.25,93.95575948,426.8089893,95.92791963,0.393317682,0.819304976,1.428241569,1.370916277
sgs.us,Fertilized,8,7.5,2.906890596,1.630957693,3.935756313,0.658016178,1.063973733,11.875,-0.049313023,1.015888836,0.079062886,0.214581426,0.293644313,328.625,125.0034667,879.6653724,58.78775076,-0.027289804,-0.405491462,-0.524789225,-0.59424208
sgs.us,Control,8,7.208333333,2.849665727,1.357123895,3.349005681,0.601659421,1.253140753,12.5,0.331753962,1.104930383,0.169410582,0.632366089,0.801776671,307.125,73.00810675,879.6653724,58.78775076,-0.062153118,-0.118461353,-0.220265666,-0.086339913
sier.us,Control,8,8.625,3.108524457,1.960261822,4.865759181,0.701457818,1.559667186,17.375,-0.006815313,1.230577238,0.200857669,0.720618545,0.921476214,370.25,108.8985297,665.1720015,86.5282909,-0.046712159,-0.008456023,-0.025529278,0.006355122
sier.us,Fertilized,8,9.166666667,3.196397213,1.787957225,4.6518898,0.646503864,1.3684292,18.25,-0.093499873,1.655244853,0.280821861,0.527212041,0.808033902,400.25,83.9603255,665.1720015,86.5282909,0.019699501,-0.015225059,0.082013107,-0.132313643
spin.us,Fertilized,8,6.041666667,2.594946589,1.481371616,3.47640725,0.674607606,1.251503689,9.25,-0.249736209,3.005719835,0.336378846,0.656556193,0.992935039,315.125,20.02508543,882.4458054,16.64644486,0.005062804,-0.075051425,0.036926194,0.162332577
spin.us,Control,8,9.875,3.303780748,2.000316067,5.383450541,0.719954604,1.259796332,14.5,-0.072885714,2.226043053,0.573561833,1.006127112,1.579688944,304.5,35.35761365,882.4458054,16.64644486,0.222906653,0.267455903,0.537044671,0.633933322
temple.us,Fertilized,8,10.625,3.409390936,2.110731732,5.658226862,0.738566391,1.285497058,19.75,-0.111903693,1.276553626,0.057873364,0.438554405,0.496427769,630.375,196.6970932,751.5573512,29.10733362,-0.13169319,-0.251553411,-0.414143812,-0.464341391
temple.us,Control,8,12.375,3.62935662,2.587631551,7.675657976,0.802464142,1.365835232,22,-0.024940267,0.984358794,0.158071737,0.742437742,0.900509479,646.625,247.7321201,751.5573512,29.10733362,-0.099267806,0.024519488,-0.087966343,-0.086986324
ukul.za,Control,8,17.08333333,4.094517599,2.232518513,7.537609372,0.696930813,1.762494813,33.125,0.3071964,1.455898464,0.394426476,1.048200602,1.442627078,490.75,84.17011837,347.2977397,65.26595269,0.175281348,0.281733124,0.42723227,0.355105191
ukul.za,Fertilized,8,13.625,3.768184325,2.34669367,7.078285112,0.736457198,1.688673943,27.25,-0.131521886,1.792921498,0.072968486,0.411849393,0.484817879,472.625,89.73874807,347.2977397,65.26595269,-0.031453233,-0.265756578,-0.359839402,-0.538769763
valm.ch,Control,8,28.33333333,4.824428435,3.174704988,15.07542292,0.812972829,2.154311186,52.875,0.46019459,2.181628872,0.469881572,1.173969313,1.643850886,332,23.64877949,639.1732359,25.91755635,0.212237944,0.463784403,0.671129013,0.450288675
valm.ch,Fertilized,8,21.58333333,4.431845787,2.794121628,10.61008072,0.744268085,1.395678995,39.375,0.264790396,1.901003844,0.16328123,1.05299357,1.2162748,336,38.52536752,639.1732359,25.91755635,-0.046819284,0.34803627,0.290998215,0.078608979
bogong.au,Control,9,18.2962963,4.193479729,1.867252096,6.276661422,0.625694223,1.044254966,22.33333333,0.962183702,1.20313974,0.455724726,1.277518489,1.733243215,292.78,33.58562112,489.9922677,26.48821526,0.197477722,0.555686245,0.748789098,0.615621449
bogong.au,Fertilized,9,17.14814815,4.099980881,2.263482235,7.433372942,0.699466707,1.462839833,24.55555556,0.790021859,1.267298906,0.072164931,1.062628441,1.134793372,307.3355556,39.27622607,489.9922677,26.48821526,-0.129650069,0.330878893,0.193603996,0.046779218
burrawan.au,Control,9,8.37037037,3.06529146,1.226278816,3.293007202,0.550256872,1.017777861,13.33333333,0.459092686,0.928035837,0.457087362,0.457083263,0.914170625,298.2222222,74.49339013,497.4823015,41.48761273,0.249520744,-0.268195742,-0.06188064,-0.020761925
burrawan.au,Fertilized,9,8.666666667,3.115477217,1.601816513,4.00736723,0.596310708,1.142554044,13.55555556,0.202288127,0.894705991,0.265540711,0.315800634,0.581341345,328.3333333,109.6216876,497.4823015,41.48761273,0.162286234,-0.374421581,-0.309736125,-0.353998682
cdcr.us,Control,9,10.2962963,3.364053571,2.110016789,5.664086077,0.737705085,1.211184656,17.22222222,0.314291598,1.073514362,0.352645897,0.719263961,1.071909858,346.4444444,86.48028875,1215.737934,53.0748237,-0.045442337,-0.174122726,-0.215658233,0.118874588
cdcr.us,Fertilized,9,6.37037037,2.671377253,1.680608725,3.921763329,0.715702033,1.176751176,12.44444444,0.152792826,1.153885456,0.126348916,0.897782954,1.024131869,370.3888889,100.2708699,1215.737934,53.0748237,-0.037772068,0.161978292,0.126795929,0.187658209
cdpt.us,Fertilized,9,9.333333333,3.222392421,1.761797279,4.552990012,0.677535034,1.255633815,16.22222222,0.05856148,1.847377365,0.22402828,0.455768055,0.679796335,257.0133333,38.21351003,1006.799906,63.28145436,0.087886618,-0.177080629,-0.138587186,-0.259464923
cdpt.us,Control,9,11.2962963,3.49777793,2.203770129,6.131427194,0.738411121,1.260728289,20.22222222,0.417919644,1.512619937,0.210891855,0.709113554,0.920005409,244.6933333,35.49763748,1006.799906,63.28145436,-0.071226828,-0.083756277,-0.175726273,-0.056172913
cowi.ca,Control,9,4.37037037,2.127755547,0.534639766,1.860665864,0.397557995,1.00017962,7,0.769159078,0.500832062,0.046329841,0.718185728,0.764515568,186,52.23514444,487.9430797,64.8927335,-0.14754793,-0.01569029,-0.202833142,-0.034872782
cowi.ca,Fertilized,9,3.185185185,1.671377253,0.196221815,1.31708701,0.217907915,0.998685281,4.444444444,1.72957288,0.715652303,0.014047821,0.725250376,0.739298197,298.6666667,25.89637356,487.9430797,64.8927335,-0.084851865,0.094268486,-0.077048528,-0.013149304
hopl.us,Fertilized,9,11.85185185,3.567040593,2.092116539,5.746825082,0.667990055,1.530652763,22.44444444,-0.237603491,1.643207462,0.057761591,0.526685918,0.584447509,458.3333333,112.3919988,538.8322225,91.42926786,-0.256539285,-0.021999998,-0.137728836,-0.416514961
hopl.us,Control,9,18.14814815,4.181750437,2.86159189,10.03009768,0.785035923,1.462111316,31.22222222,-0.28300529,1.4393456,0.234393321,0.801918878,1.036312198,470.6666667,148.0884632,538.8322225,91.42926786,-0.032472972,0.066585993,0.089831252,-0.050461854
kiny.au,Control,9,8.259259259,3.046012398,1.432832487,3.684868149,0.494470225,1.032998986,14.66666667,-0.428885437,1.196415218,0.030048073,-0.415638551,-0.385590479,160.0555556,74.29110273,517.3570778,21.82745628,-0.24783822,-1.132196769,-1.366997849,-1.327253476
kiny.au,Fertilized,9,7.62962963,2.931613025,1.198398764,3.216052266,0.48915423,1.048003168,12.88888889,-0.41129964,1.450969072,0.022194455,-0.04413988,-0.021945425,183.8888889,65.01787804,517.3570778,21.82745628,-0.225460982,-0.78130628,-0.974036935,-0.944661712
mtca.au,Control,9,13.7037037,3.776493958,2.162845603,6.521997422,0.700971251,1.408413363,22.77777778,-0.061328666,1.180887785,0.097155053,0.304035117,0.40119017,205.2222222,66.98939237,534.3282043,50.66807846,-0.092800425,-0.419333113,-0.564501675,-0.630258839
mtca.au,Fertilized,9,8.888888889,3.152003093,1.83655023,4.688601884,0.684925081,1.50758966,13.88888889,-0.281558663,1.605043257,0.183085763,0.587373754,0.770459517,284.2222222,75.661679,534.3282043,50.66807846,0.103105244,-0.069824523,-0.085195627,-0.155216591
sedg.us,Fertilized,9,3.925925926,1.973032952,0.642401071,1.920396705,0.39142767,1.144565479,6.555555556,0.428095365,0.647845547,0.151662136,1.007455734,1.159117871,264.8888889,90.32095908,426.8089893,95.92791963,-0.223132439,0.440113475,0.432599947,0.385546053
sedg.us,Control,9,6.148148148,2.620151929,1.052359116,2.673656722,0.540090075,1.085019098,10.55555556,0.21419547,0.871334903,0.231471935,0.995495354,1.226967289,215.9444444,72.92932345,426.8089893,95.92791963,-0.070321694,0.240575214,0.257180193,0.36765985
sgs.us,Fertilized,9,7.296296296,2.867164317,1.569785507,3.762637946,0.637421972,1.0581749,11.55555556,-0.112942227,1.086173664,0.089507339,0.276809332,0.366316671,326.1111111,123.2243549,879.6653724,58.78775076,-0.016845351,-0.343263556,-0.452116867,-0.518379683
sgs.us,Control,9,7.148148148,2.837569535,1.409001213,3.428008345,0.616727836,1.245469551,12.22222222,0.236092818,1.21331827,0.158770896,0.606184289,0.764955184,314.4444444,73.8027745,879.6653724,58.78775076,-0.072792803,-0.144643154,-0.257087152,-0.118332279
sier.us,Fertilized,9,9.296296296,3.216656052,1.789265268,4.665262781,0.650105797,1.414450748,18.44444444,-0.124989431,1.563125053,0.216026979,0.520543888,0.736570867,418.8888889,99.43161094,665.1720015,86.5282909,-0.04509538,-0.021893212,0.010550072,-0.206650942
sier.us,Control,9,8.777777778,3.133855747,1.945285132,4.848568587,0.699154329,1.593647172,17.44444444,-0.035026307,1.226193583,0.137588467,0.708240152,0.845828619,388.4444444,118.0351998,665.1720015,86.5282909,-0.109981361,-0.020834416,-0.101176873,-0.074117056
spin.us,Control,9,10.03703704,3.327261539,2.006074595,5.423233428,0.719596136,1.304971479,14.66666667,-0.06039788,2.276289438,0.567784317,1.076627403,1.64441172,304.1111111,33.16521462,882.4458054,16.64644486,0.217129138,0.337956194,0.601767447,0.694505169
spin.us,Fertilized,9,5.962962963,2.576029376,1.479266838,3.470790126,0.680682937,1.294621694,9.222222222,-0.252681813,3.041581988,0.334440319,0.631521504,0.965961822,314.6666667,19.34847689,882.4458054,16.64644486,0.003124276,-0.100086113,0.009952977,0.139749659
temple.us,Fertilized,9,10.51851852,3.394859617,2.12032189,5.711552513,0.74476789,1.258017886,19.44444444,-0.13763779,1.328086932,0.061475864,0.519289282,0.580765146,633.4444444,192.6207362,751.5573512,29.10733362,-0.12809069,-0.170818534,-0.329806435,-0.376354138
temple.us,Control,9,12.48148148,3.641717279,2.673621008,7.991769786,0.813916004,1.356026726,21.88888889,-0.030138857,1.042145812,0.189778764,0.749185348,0.938964113,642.7777778,233.6424855,751.5573512,29.10733362,-0.067560778,0.031267094,-0.04951171,-0.048612366
ukul.za,Fertilized,9,13.81481481,3.788144318,2.373946127,7.242596864,0.741562505,1.730553268,27.77777778,-0.160598472,1.822812907,0.084511927,0.481541295,0.566053222,476.5555556,90.41135538,347.2977397,65.26595269,-0.019909792,-0.196064677,-0.27860406,-0.460084893
ukul.za,Control,9,17.48148148,4.127755547,2.2676035,7.748546906,0.701939108,1.760783113,34.11111111,0.273016,1.525641496,0.443498596,0.903318022,1.346816619,492.7777778,81.56504674,347.2977397,65.26595269,0.224353469,0.136850545,0.331421811,0.254416094
valm.ch,Fertilized,9,21,4.392317423,2.673497728,9.841801672,0.713045907,1.382305281,38.55555556,0.215330065,1.958814728,0.151182309,1.110756799,1.261939108,332.7777778,37.83861494,639.1732359,25.91755635,-0.058918205,0.405799498,0.336662523,0.125507507
valm.ch,Control,9,28.59259259,4.837569535,3.212412949,15.28582327,0.813228373,2.120978476,52.88888889,0.440316454,2.176261456,0.333414134,1.127211476,1.46062561,329.6666667,24.08295028,639.1732359,25.91755635,0.075770506,0.417026565,0.487903737,0.264822786
